SeedPlayer,SeedRoom,UseCountFire,UseCountBeam,UseCountWave,HitCountFire,HitCountBeam,HitCountWave,HitsTaken,EnemyCountFire,EnemyCountBeam,EnemyCountWave,ObstacleCountFire,ObstacleCountBeam,ObstacleCountWave,EnemyAttackCount,GroundTruth,Classification
0,0,30,0,0,7,0,0,0,1,0,0,1,0,2,1,1,1
0,0,50,0,0,12,0,0,0,0,0,1,0,2,1,1,1,1
0,0,75,0,0,18,0,0,1,0,1,1,2,0,2,3,1,1
0,0,105,0,0,27,0,0,0,0,2,0,0,1,3,3,1,1
0,0,156,0,0,38,0,0,0,1,1,0,1,3,0,2,1,1
0,0,184,0,0,48,0,0,0,0,2,0,0,2,2,3,1,1
0,0,220,0,0,60,0,0,0,1,1,0,0,2,2,3,1,1
0,0,260,0,0,73,0,0,0,0,1,2,1,3,1,6,1,1
0,0,337,0,0,95,0,0,1,2,1,0,3,1,1,7,0,1
0,0,370,0,0,108,0,0,0,0,2,1,0,4,1,4,1,1
0,0,415,0,0,120,0,0,1,0,1,2,4,1,1,6,0,1
0,0,443,0,0,133,0,0,0,1,2,0,3,3,0,3,1,1
0,0,477,0,0,150,0,0,0,2,1,0,4,1,1,3,1,1
0,0,535,0,0,167,0,0,0,2,0,1,0,3,3,6,1,1
0,0,568,0,0,175,0,0,0,0,3,0,1,2,3,3,1,1
0,0,594,0,0,188,0,0,0,0,3,0,5,1,0,3,1,1
0,0,649,0,0,199,0,0,1,0,1,2,3,2,1,7,0,1
0,0,676,0,0,212,0,0,1,0,2,1,0,3,3,4,0,1
0,0,726,0,0,226,0,0,1,0,2,2,3,3,2,9,0,1
0,0,798,0,0,242,0,0,2,1,1,2,1,4,3,10,0,1
0,0,839,0,0,259,0,0,1,0,4,0,2,3,3,5,1,1
0,0,863,0,57,265,0,43,0,0,4,0,4,3,1,12,1,1
0,0,896,0,84,274,0,64,1,1,2,1,1,5,2,9,1,1
0,0,906,0,130,277,0,94,0,2,0,2,4,3,1,7,1,1
0,0,925,0,144,288,0,104,0,0,4,0,1,1,6,6,1,1
0,0,937,0,181,292,0,125,0,1,2,1,2,5,1,6,1,1
0,0,937,0,199,292,0,140,0,0,1,3,0,0,8,4,1,1
0,0,947,0,228,295,0,160,0,0,2,2,3,2,3,6,1,1
0,0,947,0,276,295,0,196,0,0,2,2,3,5,0,8,1,1
0,0,965,0,314,302,0,214,0,2,0,2,2,2,4,6,1,1
0,0,1001,0,334,316,0,225,0,0,5,0,6,1,3,8,1,1
0,0,1042,0,359,336,0,241,1,1,3,1,2,3,5,10,1,1
0,0,1058,0,390,343,0,263,0,2,1,2,8,1,1,6,1,1
0,0,1094,0,414,356,0,282,1,2,3,0,0,10,0,9,1,1
0,0,1094,0,464,356,0,323,1,0,0,5,3,0,7,5,1,1
0,0,1103,0,503,358,0,351,0,3,1,1,2,4,4,6,1,1
0,0,1103,0,569,358,0,387,1,2,0,3,4,2,4,9,1,1
0,0,1133,0,582,376,0,394,0,0,5,0,8,1,1,8,1,1
0,0,1154,0,620,387,0,416,1,1,2,2,0,8,2,6,0,1
0,0,1154,0,674,387,0,446,0,2,0,3,1,2,7,8,0,1
0,0,1156,0,753,387,0,476,0,2,0,3,2,7,1,10,1,1
0,0,1175,0,815,392,0,511,0,2,2,1,0,8,2,9,0,1
0,0,1221,0,828,407,0,520,0,1,4,0,4,6,0,10,1,1
0,0,1221,0,879,407,0,550,0,4,0,1,0,8,2,7,1,1
0,0,1256,0,939,425,0,582,1,3,2,0,1,4,5,12,1,1
0,0,1291,0,951,441,0,590,0,0,5,0,1,3,6,6,1,1
0,0,12,3,0,3,0,0,0,0,1,0,0,3,0,1,1,1
0,0,22,3,9,9,0,3,0,1,0,0,1,0,2,1,1,1
0,0,22,28,10,9,8,3,1,2,0,0,3,0,1,2,1,1
0,0,34,29,10,14,8,3,1,0,2,0,3,1,0,2,1,1
0,0,44,29,14,23,8,4,1,0,2,0,1,2,1,2,1,1
0,0,44,49,14,23,16,4,0,2,0,0,3,0,1,1,1,1
0,0,53,49,45,25,16,26,1,2,0,0,0,3,1,3,1,1
0,0,69,85,45,29,29,26,3,1,1,1,0,5,0,6,1,1
0,0,69,96,65,29,37,43,1,2,1,0,0,3,2,2,1,1
0,0,84,107,65,37,41,43,0,1,2,0,3,0,2,5,1,1
0,0,84,110,92,37,41,68,0,0,3,0,2,1,2,5,1,1
0,0,88,110,113,41,41,81,0,2,1,0,1,3,2,3,1,1
0,0,88,110,148,41,41,113,0,0,2,1,2,3,1,7,1,1
0,0,88,110,184,41,41,145,0,0,2,1,1,3,2,5,1,1
0,0,92,110,203,43,41,162,0,2,1,0,0,4,2,5,1,1
0,0,92,119,212,43,49,170,0,2,0,1,5,1,0,2,1,1
0,0,92,127,244,43,49,198,0,0,2,1,0,5,1,5,1,1
0,0,92,127,274,43,49,216,0,3,0,0,2,1,3,4,1,1
0,0,96,127,296,46,49,232,1,0,1,2,0,3,3,5,1,1
0,0,96,133,332,46,52,258,1,1,1,2,1,3,4,8,1,1
0,0,113,133,352,52,52,274,1,2,2,0,2,5,1,7,1,1
0,0,117,133,385,56,52,296,0,3,0,1,1,2,5,6,1,1
0,0,117,144,411,56,52,320,0,0,1,3,3,5,0,5,1,1
0,0,117,144,430,56,52,337,0,0,0,4,6,2,0,4,1,1
0,0,117,145,470,56,52,373,1,0,4,0,1,4,3,7,1,1
0,0,117,151,485,56,60,387,0,2,0,2,0,8,0,5,1,1
0,0,117,156,514,56,65,415,0,1,2,1,1,5,2,5,1,1
0,0,117,169,522,56,76,423,0,3,0,1,6,1,1,3,1,1
0,0,117,184,530,56,86,430,1,3,0,1,3,2,3,3,1,1
0,0,117,204,571,56,94,463,0,2,3,0,2,3,5,9,1,1
0,0,117,217,608,56,99,498,0,2,3,0,8,1,1,10,1,1
0,0,117,218,646,56,99,526,1,0,2,3,7,3,0,9,1,1
0,0,117,234,681,56,102,557,2,1,2,2,0,0,10,12,1,1
0,0,117,249,722,56,110,596,1,2,3,0,4,2,4,7,1,1
0,0,117,249,756,56,110,624,2,0,1,4,2,4,4,9,1,1
0,0,117,282,776,56,131,641,1,2,1,2,9,0,1,9,1,1
0,0,117,291,807,56,139,668,0,2,3,0,5,1,4,7,1,1
0,0,117,291,846,56,139,705,0,0,2,3,1,8,1,8,1,1
0,0,117,301,915,56,147,766,1,0,5,0,2,5,3,11,1,1
0,0,117,301,950,56,147,800,0,0,2,3,6,1,3,7,1,1
0,0,117,307,996,56,151,844,0,1,3,1,6,4,0,11,1,1
0,0,117,307,1038,56,151,880,1,0,1,4,2,4,4,9,1,1
0,0,117,330,1047,56,171,880,0,5,0,0,1,8,1,1,1,1
0,0,117,349,1086,56,178,914,1,2,2,1,0,6,4,8,1,1
0,0,117,383,1107,56,195,929,1,2,1,2,0,2,8,10,1,1
0,0,117,383,1140,56,195,962,0,0,2,3,0,7,3,7,1,1
0,0,117,383,1215,56,195,1022,0,0,5,0,3,1,6,13,1,1
0,0,117,400,1243,56,202,1046,1,2,1,2,7,1,2,7,1,1
0,0,117,400,1282,56,202,1082,0,0,2,3,3,4,3,6,1,1
0,0,117,400,1314,56,202,1109,1,0,1,4,1,6,3,6,1,1
0,0,13,0,0,4,0,0,0,0,1,0,0,3,0,1,1,1
0,0,13,33,0,4,10,0,0,0,0,1,0,0,3,1,1,1
0,0,36,33,0,12,10,0,0,0,2,0,2,1,1,2,1,1
0,0,37,33,38,12,10,26,0,2,0,0,0,4,0,2,0,1
0,0,37,33,50,12,10,36,1,0,0,2,0,4,0,2,1,1
0,0,48,33,75,19,10,45,0,1,1,0,0,3,1,2,1,1
0,0,58,33,85,24,10,52,0,0,1,1,1,2,1,2,1,1
0,0,61,33,137,26,10,84,0,3,0,0,1,2,2,4,1,1
0,0,93,33,152,34,10,98,0,1,2,0,5,0,0,5,1,1
0,0,93,33,179,34,10,119,1,1,0,2,5,0,0,3,1,1
0,0,120,33,179,46,10,119,1,0,3,0,0,5,1,4,1,1
0,0,133,33,194,56,10,129,0,1,1,1,0,0,6,3,1,1
0,0,145,33,218,61,10,150,0,2,1,0,0,5,1,3,1,1
0,0,167,33,227,74,10,156,1,0,2,1,2,0,4,5,1,1
0,0,169,33,252,74,10,176,0,2,0,1,0,3,3,2,1,1
0,0,207,33,252,90,10,176,0,0,3,0,6,0,0,4,1,1
0,0,229,33,261,98,10,182,0,0,2,1,0,3,3,4,1,1
0,0,249,33,267,108,10,186,1,0,2,1,4,1,1,4,1,1
0,0,263,33,300,112,10,211,1,1,1,2,0,6,2,5,1,1
0,0,298,33,308,119,10,216,0,0,4,0,0,4,4,5,1,1
0,0,322,33,340,127,10,237,0,2,2,0,3,2,3,5,0,1
0,0,344,33,345,146,10,240,0,0,3,1,1,1,6,4,1,1
0,0,346,33,370,146,10,260,0,1,0,3,4,0,4,4,1,1
0,0,348,33,415,146,10,281,0,4,0,0,0,3,5,5,0,1
0,0,348,33,434,146,10,298,0,0,0,4,1,2,5,4,1,1
0,0,383,33,434,159,10,298,0,0,4,0,1,4,3,5,1,1
0,0,405,33,466,163,10,327,0,2,1,1,0,2,6,6,0,1
0,0,420,33,502,165,10,353,0,1,1,2,6,0,2,5,0,1
0,0,450,33,515,182,10,364,1,0,3,2,3,5,2,9,1,1
0,0,468,33,544,193,10,384,1,0,2,3,0,3,7,12,1,1
0,0,501,33,571,205,10,405,0,1,3,1,3,7,0,11,1,1
0,0,501,33,627,205,10,437,0,2,0,3,9,1,0,7,0,1
0,0,517,33,697,210,10,479,0,4,0,1,5,1,4,13,0,1
0,0,537,33,720,219,10,501,1,1,2,2,2,5,3,7,0,1
0,0,538,33,762,219,10,535,0,3,1,1,3,6,1,7,0,1
0,0,555,33,795,227,10,557,0,2,3,0,4,6,0,6,0,1
0,0,601,33,825,245,10,581,1,1,3,1,5,5,0,12,1,1
0,0,616,33,843,254,10,599,0,0,3,2,0,7,3,7,1,1
0,0,644,33,898,268,10,637,1,3,2,0,5,5,0,14,0,1
0,0,662,33,929,275,10,666,1,1,2,2,0,1,9,9,0,1
0,0,11,58,0,0,4,0,0,1,0,0,1,0,2,1,1,1
0,0,11,58,19,0,4,7,1,0,0,1,0,2,1,1,1,1
0,0,13,58,44,0,4,24,0,2,0,0,1,2,1,2,1,1
0,0,22,104,44,3,8,24,0,1,1,0,2,2,0,3,1,1
0,0,48,140,44,11,10,24,0,1,1,0,2,2,0,3,1,1
0,0,54,173,44,15,20,24,2,0,1,1,0,1,3,3,0,1
0,0,63,173,55,20,20,34,0,0,1,1,0,1,3,3,1,1
0,0,63,173,76,20,20,50,0,3,0,0,1,4,0,3,1,1
0,0,67,173,99,20,20,70,0,1,1,1,0,3,2,4,1,1
0,0,78,173,142,25,20,94,1,2,0,1,2,2,1,5,1,1
0,0,88,173,151,29,20,101,0,0,1,2,3,3,0,3,1,1
0,0,92,173,192,29,20,127,0,3,0,0,2,3,1,5,0,1
0,0,107,173,192,38,20,127,0,0,3,0,0,3,3,2,1,1
0,0,116,173,202,43,20,136,1,0,1,2,3,3,0,2,1,1
0,0,120,173,218,46,20,146,1,0,0,3,1,5,0,3,1,1
0,0,129,173,238,50,20,162,1,0,2,1,0,2,4,5,0,1
0,0,160,173,253,64,20,175,1,1,2,0,0,5,1,6,0,1
0,0,162,173,287,65,20,201,2,1,0,2,1,3,2,3,0,1
0,0,175,173,323,71,20,221,0,1,1,1,0,4,2,5,0,1
0,0,175,173,346,71,20,238,0,0,0,3,0,3,3,2,1,1
0,0,192,173,346,80,20,238,0,0,3,0,3,1,2,3,1,1
0,0,211,173,373,83,20,262,1,0,2,2,0,6,2,6,0,1
0,0,216,173,416,83,20,290,1,1,0,3,1,7,0,6,1,1
0,0,235,173,426,96,20,297,0,2,2,0,2,2,4,6,1,1
0,0,254,173,444,106,20,313,0,0,3,1,6,0,2,5,1,1
0,0,291,173,458,124,20,320,1,1,3,0,1,1,6,8,0,1
0,0,293,173,529,125,20,365,0,4,0,0,1,5,2,6,0,1
0,0,306,173,547,133,20,380,0,1,3,0,2,2,4,4,1,1
0,0,317,173,581,140,20,404,0,2,2,0,0,5,3,5,1,1
0,0,343,173,599,155,20,418,1,1,2,1,0,6,2,8,1,1
0,0,358,173,633,167,20,438,1,2,1,1,3,2,3,6,0,1
0,0,366,173,677,170,20,471,2,1,1,3,7,0,3,8,0,1
0,0,366,173,708,170,20,493,0,0,3,2,4,4,2,7,1,1
0,0,372,173,733,173,20,515,0,1,2,2,5,4,1,7,1,1
0,0,376,173,774,176,20,544,1,1,1,3,6,2,2,8,0,1
0,0,400,173,788,190,20,557,0,0,4,1,3,3,4,8,1,1
0,0,417,173,837,201,20,587,0,2,2,1,2,6,2,11,1,1
0,0,458,173,869,221,20,603,0,2,3,0,0,7,3,12,0,1
0,0,467,173,897,224,20,627,1,0,2,3,0,7,3,6,1,1
0,0,467,173,930,224,20,648,0,1,0,4,5,3,2,7,1,1
0,0,489,173,932,242,20,650,0,0,5,0,2,3,5,5,1,1
0,0,521,173,945,256,20,661,1,0,4,1,2,1,7,9,0,1
0,0,544,173,971,265,20,674,0,1,3,1,5,2,3,7,1,1
0,0,10,7,0,5,0,0,1,0,1,0,0,3,0,1,0,1
0,0,10,7,19,5,0,13,1,0,1,0,0,1,2,1,1,1
0,0,10,22,71,5,1,31,0,1,1,0,2,2,0,2,0,1
0,0,10,54,98,5,11,36,0,1,0,1,0,4,0,3,1,1
0,0,10,60,159,5,11,53,0,0,1,1,0,4,0,2,0,1
0,0,10,67,190,5,15,66,0,1,1,0,0,3,1,1,1,1
0,0,10,92,203,5,23,67,0,2,0,0,4,0,0,1,1,1
0,0,10,113,229,5,26,76,1,1,0,2,1,2,2,3,1,1
0,0,10,155,257,5,31,95,1,1,1,1,2,1,2,5,1,1
0,0,10,173,283,5,33,113,1,1,1,1,2,1,2,4,1,1
0,0,10,191,322,5,37,127,0,1,0,2,4,2,0,3,1,1
0,0,10,199,359,5,37,153,0,0,1,2,2,4,0,3,1,1
0,0,10,212,386,5,45,166,0,2,1,0,0,5,1,2,1,1
0,0,10,222,438,5,49,192,0,1,2,0,1,2,3,4,1,1
0,0,10,244,469,5,53,209,1,1,1,1,3,1,2,3,1,1
0,0,10,257,505,5,55,228,0,1,1,1,0,2,4,3,1,1
0,0,10,290,521,5,62,242,1,2,1,0,1,3,2,3,1,1
0,0,10,301,554,5,65,269,0,1,2,0,4,1,1,4,1,1
0,0,10,306,613,5,65,309,0,0,4,0,0,8,0,6,0,1
0,0,10,336,631,5,74,317,1,3,0,1,5,2,1,5,1,1
0,0,10,348,680,5,77,355,1,1,3,0,1,5,2,6,0,1
0,0,10,359,701,5,81,369,1,1,0,3,5,1,2,4,1,1
0,0,10,390,729,5,91,386,0,3,1,0,0,8,0,6,1,1
0,0,10,418,770,5,95,407,0,1,1,2,7,1,0,4,1,1
0,0,10,442,814,5,95,448,0,0,3,1,3,4,1,7,1,1
0,0,10,444,861,5,95,484,1,0,2,2,1,3,4,4,1,1
0,0,10,444,908,5,95,519,0,0,2,2,3,3,2,4,1,1
0,0,10,471,958,5,99,558,0,1,3,0,4,1,3,6,0,1
0,0,10,512,992,5,114,567,1,4,0,1,8,2,0,5,1,1
0,0,10,541,1017,5,129,577,0,4,0,1,0,2,8,5,1,1
0,0,10,565,1059,5,138,607,1,3,2,0,2,3,5,10,1,1
0,0,10,580,1103,5,142,647,1,1,3,1,0,7,3,7,1,1
0,0,10,580,1134,5,142,668,0,0,0,5,8,0,2,3,1,1
0,0,10,580,1199,5,142,713,2,0,2,3,0,10,0,8,1,1
0,0,10,601,1238,5,154,739,0,3,2,0,1,6,3,5,1,1
0,0,10,616,1289,5,158,776,1,1,2,2,2,8,0,9,1,1
0,0,10,616,1352,5,158,830,0,0,5,0,2,2,6,12,1,1
0,0,10,616,1407,5,158,874,0,0,4,1,2,3,5,9,1,1
0,0,10,643,1455,5,174,901,1,4,1,0,3,4,3,4,1,1
0,0,10,643,1490,5,174,929,1,0,1,4,0,4,6,6,1,1
0,0,10,672,1541,5,178,967,0,2,3,0,0,5,5,10,1,1
0,0,10,704,1581,5,184,1002,0,2,2,1,0,10,0,7,1,1
0,0,10,719,1621,5,191,1034,0,2,3,0,3,5,2,8,1,1
0,0,10,719,1665,5,191,1062,0,0,1,4,4,2,4,8,1,1
0,0,10,740,1721,5,197,1091,0,2,2,1,9,1,0,7,1,1
0,0,10,740,1776,5,197,1128,1,0,1,4,7,0,3,7,1,1
0,0,10,748,1803,5,200,1148,0,1,1,3,7,3,0,5,1,1
0,0,10,776,1822,5,207,1162,1,2,0,3,4,0,6,4,1,1
0,0,10,780,1859,5,207,1190,0,0,1,4,0,2,8,7,1,1
0,0,10,783,1905,5,207,1227,0,0,2,3,1,2,7,8,1,1
0,0,7,0,0,4,0,0,0,0,1,0,0,1,2,1,1,1
0,0,12,0,0,9,0,0,0,0,1,0,1,1,1,1,1,1
0,0,29,0,0,19,0,0,1,0,1,1,1,1,2,2,1,1
0,0,50,0,0,28,0,0,0,1,1,0,1,2,1,2,1,1
0,0,86,0,0,34,0,0,1,0,1,1,0,4,0,4,1,1
0,0,86,0,33,34,0,26,0,0,2,0,0,4,0,3,1,1
0,0,109,0,33,39,0,26,0,0,2,0,3,1,0,2,1,1
0,0,151,0,33,51,0,26,2,0,2,1,4,0,1,5,1,1
0,0,151,22,51,51,1,41,0,0,1,2,2,1,2,3,1,1
0,0,151,22,80,51,1,67,1,0,2,1,2,2,1,4,1,1
0,0,151,40,105,51,7,77,1,2,0,1,1,4,1,3,1,1
0,0,151,68,131,51,14,91,0,2,1,0,1,1,4,5,1,1
0,0,151,75,169,51,17,119,1,1,2,0,4,1,1,4,1,1
0,0,151,95,198,51,21,145,0,1,2,0,1,2,3,5,1,1
0,0,151,108,224,51,26,166,0,1,1,1,1,5,0,4,1,1
0,0,151,122,245,51,34,180,0,2,1,0,3,1,2,3,1,1
0,0,151,122,296,51,34,218,1,0,3,0,1,3,2,4,1,1
0,0,151,126,320,51,36,234,0,1,0,2,0,2,4,3,1,1
0,0,151,126,334,51,36,245,0,0,0,4,1,5,2,4,1,1
0,0,151,178,365,51,44,270,0,2,2,0,0,7,1,8,1,1
0,0,151,184,414,51,47,310,0,1,3,0,5,1,2,8,1,1
0,0,151,190,461,51,48,347,1,1,2,1,5,1,2,8,1,1
0,0,151,195,476,51,51,360,0,1,0,3,0,2,6,3,1,1
0,0,151,233,494,51,63,367,1,3,0,1,2,6,0,4,1,1
0,0,151,236,554,51,63,419,0,0,4,0,0,2,6,10,1,1
0,0,151,239,627,51,64,477,3,1,2,1,8,0,0,4,1,1
0,0,151,248,651,51,72,495,0,2,1,1,0,6,2,4,1,1
0,0,191,285,651,60,83,495,1,2,1,1,7,1,0,9,1,1
0,0,233,285,651,74,83,495,1,0,4,0,1,0,7,5,1,1
0,0,263,285,651,87,83,495,0,0,3,1,2,0,6,6,1,1
0,0,316,307,651,105,90,495,2,1,1,3,4,5,1,10,1,1
0,0,357,307,651,120,90,495,1,0,5,0,6,4,0,9,1,1
0,0,432,321,651,154,97,495,2,0,2,3,0,10,0,13,1,1
0,0,472,338,651,167,108,495,0,3,1,1,4,4,2,9,1,1
0,0,523,338,651,188,108,495,2,0,1,4,8,2,0,12,1,1
0,0,541,390,651,202,120,495,2,3,2,0,0,3,7,9,1,1
0,0,541,390,704,202,120,538,0,0,3,2,1,5,4,9,1,1
0,0,541,390,759,202,120,583,0,0,5,0,1,4,5,10,1,1
0,0,541,390,808,202,120,629,0,0,4,1,6,1,3,8,1,1
0,0,541,395,840,202,123,652,0,3,2,0,8,2,0,6,1,1
0,0,541,406,887,202,128,683,0,2,2,1,0,9,1,10,1,1
0,0,541,413,931,202,131,722,1,1,3,1,5,4,1,8,1,1
0,0,541,430,972,202,146,758,3,4,1,0,1,7,2,5,1,1
0,0,541,473,995,202,168,776,3,5,0,0,3,2,5,5,1,1
0,0,541,491,1070,202,171,830,4,1,1,3,6,4,0,9,1,1
0,0,541,491,1116,202,171,857,0,0,0,5,6,0,4,7,0,1
0,0,541,491,1188,202,171,909,1,0,3,2,5,3,2,13,1,1
0,0,541,552,1197,202,187,916,1,4,0,1,0,1,9,8,1,1
0,0,541,608,1215,202,203,930,0,4,1,0,7,2,1,6,1,1
0,0,541,663,1237,202,219,945,0,4,1,0,4,2,4,7,1,1
0,0,13,0,0,3,0,0,0,0,1,0,2,1,0,1,1,1
0,0,13,9,0,3,4,0,0,1,0,0,1,2,0,0,1,1
0,0,13,21,19,3,8,13,0,1,1,0,1,2,1,1,1,1
0,0,13,21,47,3,8,39,0,0,2,0,0,2,2,2,1,1
0,0,47,21,47,13,8,39,2,0,0,2,2,2,0,4,1,1
0,0,47,21,71,13,8,58,0,0,1,1,2,1,1,1,1,1
0,0,47,21,94,13,8,75,0,0,1,1,2,2,0,2,1,1
0,0,67,21,134,21,8,94,1,2,1,0,0,3,2,5,1,1
0,0,88,28,134,32,10,94,0,1,2,0,1,0,4,3,1,1
0,0,99,53,134,36,18,94,0,2,1,0,2,3,0,2,1,1
0,0,120,63,134,47,21,94,0,1,2,0,2,0,4,5,1,1
0,0,124,127,134,47,45,94,2,1,0,2,2,4,0,5,0,1
0,0,124,132,180,47,45,133,0,0,3,0,0,3,3,7,0,1
0,0,124,139,200,47,52,144,0,1,0,2,0,6,0,3,1,1
0,0,124,139,237,47,52,167,0,0,1,2,2,3,1,5,1,1
0,0,124,139,267,47,52,192,0,0,1,2,1,2,3,4,1,1
0,0,141,139,282,56,52,199,0,0,2,1,2,3,1,4,1,1
0,0,166,139,286,67,52,200,0,0,3,0,1,2,3,4,1,1
0,0,187,139,323,75,52,221,0,2,2,0,0,2,6,7,0,1
0,0,219,139,323,94,52,221,0,0,4,0,2,6,0,7,1,1
0,0,241,174,323,109,60,221,1,2,2,0,7,1,0,6,1,1
0,0,268,198,323,124,67,221,2,1,1,2,3,0,5,5,0,1
0,0,268,207,353,124,70,244,0,1,1,2,3,5,0,4,1,1
0,0,268,207,404,124,70,271,1,0,2,2,0,4,4,6,1,1
0,0,268,252,439,124,78,297,1,2,2,0,2,5,1,6,0,1
0,0,268,272,490,124,81,333,0,1,3,0,1,3,4,8,0,1
0,0,300,277,490,142,84,333,0,1,3,0,1,5,2,4,1,1
0,0,328,301,490,150,92,333,1,1,1,2,2,5,1,7,0,1
0,0,328,301,556,150,92,383,1,0,3,2,4,4,2,8,0,1
0,0,342,301,584,153,92,402,1,0,1,4,8,1,1,6,1,1
0,0,342,301,637,153,92,446,0,1,3,1,5,4,1,9,0,1
0,0,342,301,682,153,92,479,0,3,1,1,8,1,1,6,1,1
0,0,395,301,688,180,92,482,0,1,4,0,2,4,4,8,1,1
0,0,420,301,710,197,92,499,4,1,4,0,6,2,2,6,1,1
0,0,472,301,745,215,92,518,0,2,3,0,9,0,1,12,0,1
0,0,472,301,798,215,92,555,0,3,1,1,0,10,0,6,0,1
0,0,477,301,849,216,92,585,1,4,0,1,7,0,3,5,1,1
0,0,477,339,873,216,108,598,0,4,1,0,5,2,3,6,0,1
0,0,477,339,923,216,108,641,0,0,3,2,5,5,0,8,0,1
0,0,477,378,964,216,121,668,1,2,1,2,1,8,1,8,0,1
0,0,477,399,1008,216,127,692,1,1,1,3,6,4,0,7,0,1
0,0,477,408,1048,216,131,720,0,3,1,1,7,2,1,7,0,1
0,0,477,433,1097,216,138,744,2,2,1,2,0,10,0,8,0,1
0,0,477,480,1108,216,157,747,0,5,0,0,1,6,3,5,1,1
0,0,477,480,1168,216,157,798,0,0,4,1,6,2,2,10,0,1
0,0,477,488,1210,216,160,830,1,1,2,2,1,3,6,6,0,1
0,0,477,519,1234,216,172,845,0,4,1,0,0,8,2,7,1,1
0,0,477,536,1277,216,179,873,0,2,1,2,1,6,3,8,1,1
0,0,0,22,0,0,10,0,1,0,0,1,0,0,3,1,1,1
0,0,0,22,19,0,10,13,1,0,1,0,0,1,2,1,1,1
0,0,0,22,52,0,10,38,0,0,2,0,2,2,0,3,1,1
0,0,0,22,77,0,10,52,0,0,0,2,1,2,1,1,1,1
0,0,0,22,109,0,10,72,1,0,1,1,0,3,1,3,1,1
0,0,9,22,117,5,10,78,0,0,2,0,1,0,3,2,1,1
0,0,9,22,140,5,10,91,1,1,0,1,2,1,1,2,1,1
0,0,9,22,202,5,10,122,0,2,0,1,0,0,5,7,1,1
0,0,13,22,229,9,10,142,1,1,1,1,4,1,0,4,1,1
0,0,20,22,253,13,10,161,0,2,1,0,0,5,0,4,1,1
0,0,39,22,288,22,10,176,0,1,2,0,3,2,1,6,1,1
0,0,45,22,302,27,10,189,0,0,2,1,4,1,1,4,1,1
0,0,56,22,321,35,10,205,0,0,2,1,0,0,6,5,1,1
0,0,56,22,349,35,10,222,0,2,0,1,2,0,4,3,1,1
0,0,56,22,382,35,10,248,0,2,0,1,0,4,2,3,1,1
0,0,68,22,407,39,10,266,0,1,2,0,1,2,3,5,1,1
0,0,69,22,446,40,10,277,2,0,0,3,2,3,1,7,1,1
0,0,69,22,471,40,10,292,1,2,1,0,0,2,4,3,1,1
0,0,69,22,534,40,10,330,0,3,1,0,0,5,3,6,1,1
0,0,69,22,564,40,10,358,0,0,1,3,1,5,2,6,1,1
0,0,69,22,626,40,10,391,0,4,0,0,7,1,0,7,1,1
0,0,87,22,652,47,10,410,0,2,1,1,3,1,4,7,1,1
0,0,88,22,689,47,10,436,0,4,0,0,0,0,8,5,1,1
0,0,88,22,716,47,10,459,0,0,1,3,5,0,3,5,1,1
0,0,107,22,743,56,10,481,0,2,2,0,5,2,1,8,1,1
0,0,107,22,772,56,10,500,2,0,1,3,0,7,1,5,1,1
0,0,111,22,804,58,10,526,0,0,2,2,1,2,5,5,1,1
0,0,111,22,852,58,10,556,1,4,0,0,3,3,2,7,1,1
0,0,131,22,883,70,10,582,2,0,4,1,5,0,5,13,1,1
0,0,161,22,886,91,10,584,0,0,5,0,1,4,5,10,1,1
0,0,161,22,917,91,10,600,1,0,0,5,0,9,1,6,1,1
0,0,208,22,922,111,10,605,1,0,5,0,0,4,6,10,1,1
0,0,226,22,1003,117,10,673,5,0,4,1,7,0,3,11,1,1
0,0,232,22,1040,120,10,697,2,0,1,4,7,3,0,11,1,1
0,0,232,22,1110,120,10,758,0,0,5,0,8,0,2,13,1,1
0,0,232,22,1134,120,10,779,0,0,0,5,4,6,0,6,1,1
0,0,232,22,1180,120,10,811,0,3,1,1,3,6,1,8,1,1
0,0,244,22,1233,126,10,850,1,1,4,0,1,9,0,11,1,1
0,0,244,22,1281,126,10,892,0,0,3,2,1,6,3,11,1,1
0,0,244,22,1353,126,10,924,0,1,1,3,2,1,7,45,1,1
0,0,244,22,1410,126,10,967,2,2,1,2,1,5,4,10,1,1
0,0,244,22,1458,126,10,1011,1,1,4,0,1,1,8,9,1,1
0,0,244,22,1531,126,10,1060,2,2,2,1,6,4,0,8,1,1
0,0,244,22,1590,126,10,1104,2,2,1,2,1,3,6,9,1,1
0,0,244,22,1678,126,10,1147,0,1,2,2,5,5,0,12,1,1
0,0,244,22,1722,126,10,1175,0,1,0,4,2,2,6,7,1,1
0,0,244,22,1795,126,10,1231,1,2,1,2,1,3,6,7,1,1
0,0,244,22,1835,126,10,1259,1,0,1,4,1,4,5,11,1,1
0,0,244,22,1878,126,10,1292,0,0,2,3,0,5,5,8,1,1
0,0,244,22,1922,126,10,1325,0,2,1,2,2,4,4,8,1,1
0,0,244,22,1979,126,10,1358,0,4,1,0,2,0,8,7,1,1
0,0,244,22,2032,126,10,1404,0,1,3,1,2,5,3,9,1,1
0,0,244,22,2067,126,10,1432,0,2,1,2,3,4,3,6,1,1
0,0,244,22,2113,126,10,1470,0,2,1,2,2,4,4,9,1,1
0,0,244,22,2183,126,10,1506,0,4,0,1,6,1,3,8,1,1
0,0,244,22,2247,126,10,1555,0,1,4,0,0,4,6,9,1,1
0,0,244,22,2324,126,10,1605,0,4,1,0,4,5,1,9,1,1
0,0,244,22,2350,126,10,1627,0,0,1,4,1,7,2,6,1,1
0,0,21,61,0,4,2,0,3,1,0,0,1,0,2,2,1,1
0,0,21,94,16,4,2,13,0,0,1,0,0,3,0,3,0,1
0,0,27,94,45,7,2,26,0,0,2,0,1,0,3,3,0,1
0,0,36,94,62,14,2,33,0,1,0,1,0,1,3,2,0,1
0,0,36,94,92,14,2,52,1,0,1,1,0,3,1,3,0,1
0,0,51,94,129,20,2,67,0,1,1,0,0,3,1,4,0,1
0,0,55,94,172,22,2,84,0,1,0,1,3,0,1,3,0,1
0,0,75,94,218,25,2,109,2,1,1,1,3,1,1,5,1,1
0,0,82,94,274,25,2,138,0,0,3,0,1,3,1,4,0,1
0,0,82,94,312,25,2,161,1,0,1,2,1,1,3,6,1,1
0,0,82,94,372,25,2,187,2,0,1,2,3,0,3,6,1,1
0,0,103,94,411,27,2,205,1,2,0,1,2,0,4,6,1,1
0,0,122,94,472,35,2,244,2,2,0,1,0,5,1,5,1,1
0,0,123,94,508,35,2,268,2,2,0,1,1,3,2,4,1,1
0,0,132,94,530,40,2,282,0,2,0,1,0,4,2,2,1,1
0,0,141,94,563,42,2,301,2,0,0,3,0,5,1,3,0,1
0,0,141,94,620,42,2,331,0,2,1,0,1,4,1,5,1,1
0,0,141,94,674,42,2,366,0,0,3,0,2,1,3,6,1,1
0,0,154,94,712,48,2,393,1,1,2,0,3,0,3,5,1,1
0,0,154,94,754,48,2,416,0,2,1,0,0,3,3,4,0,1
0,0,154,94,789,48,2,441,2,1,0,2,0,3,3,4,1,1
0,0,156,94,827,49,2,462,0,1,1,1,2,0,4,5,1,1
0,0,172,94,865,54,2,490,3,2,0,1,0,5,1,3,0,1
0,0,172,94,907,54,2,520,1,1,2,0,0,6,0,3,0,1
0,0,172,94,969,54,2,554,0,2,1,0,4,2,0,5,1,1
0,0,175,94,1009,55,2,581,0,1,1,1,4,2,0,3,1,1
0,0,225,242,1009,78,16,581,6,2,1,1,1,6,1,8,1,1
0,0,225,242,1058,78,16,614,1,0,2,2,2,2,4,6,1,1
0,0,225,271,1077,78,25,628,0,3,1,0,6,2,0,2,1,1
0,0,225,305,1122,78,33,648,0,2,1,1,0,3,5,8,1,1
0,0,225,319,1163,78,37,668,2,0,0,4,0,4,4,6,1,1
0,0,225,319,1239,78,37,716,1,0,4,0,4,2,2,12,1,1
0,0,225,338,1267,78,45,740,0,2,2,0,3,2,3,5,1,1
0,0,225,351,1323,78,45,784,1,0,3,1,2,6,0,9,1,1
0,0,225,357,1368,78,48,810,0,1,1,2,3,2,3,8,1,1
0,0,225,369,1416,78,48,843,1,0,2,2,1,5,2,6,1,1
0,0,225,379,1469,78,48,886,0,0,3,1,5,2,1,8,1,1
0,0,225,402,1509,78,54,910,0,2,2,0,2,6,0,7,0,1
0,0,225,438,1514,78,70,910,0,4,0,0,4,1,3,3,1,1
0,0,225,442,1570,78,70,956,0,0,4,0,5,2,1,9,1,1
0,0,225,442,1625,78,70,993,0,0,2,3,2,7,1,7,1,1
0,0,225,481,1648,78,86,1007,0,4,1,0,1,5,4,5,1,1
0,0,225,481,1709,78,86,1046,1,0,3,2,0,3,7,7,1,1
0,0,225,486,1762,78,89,1093,1,1,4,0,2,3,5,12,1,1
0,0,225,515,1819,78,95,1134,0,2,3,0,6,4,0,11,1,1
0,0,225,574,1839,78,112,1143,1,4,0,1,6,3,1,9,1,1
0,0,225,585,1898,78,112,1189,1,0,3,2,3,4,3,11,1,1
0,0,225,585,1946,78,112,1221,2,0,1,4,3,3,4,7,1,1
0,0,225,599,2135,78,118,1306,6,0,1,4,1,9,0,4,1,1
0,0,225,630,2218,78,133,1350,4,0,2,3,1,6,3,10,1,1
0,0,225,630,2286,78,133,1405,0,0,5,0,8,0,2,12,1,1
0,0,225,630,2367,78,133,1470,1,0,5,0,2,8,0,11,1,1
0,0,225,630,2433,78,133,1513,1,0,3,2,5,0,5,12,1,1
0,0,225,630,2484,78,133,1543,2,0,0,5,4,6,0,8,1,1
0,0,225,648,2543,78,138,1575,0,2,1,2,6,0,4,11,1,1
0,0,225,652,2611,78,139,1615,2,1,1,3,5,4,1,11,1,1
0,0,225,661,2662,78,139,1665,0,0,5,0,0,7,3,10,1,1
0,0,225,679,2710,78,146,1697,0,2,3,0,2,3,5,10,1,1
0,0,225,708,2731,78,162,1710,0,4,1,0,5,0,5,3,1,1
0,0,225,708,2805,78,162,1753,1,0,2,3,0,3,7,12,1,1
0,0,225,722,2859,78,164,1779,0,1,0,4,4,1,5,10,0,1
0,0,2,8,0,0,4,0,0,1,0,0,3,0,0,1,1,1
0,0,12,8,46,0,4,13,0,1,0,0,1,2,0,3,0,1
0,0,12,8,83,0,4,33,0,1,0,1,0,4,0,3,1,1
0,0,28,8,85,8,4,33,0,1,1,0,1,1,2,2,1,1
0,0,50,8,110,15,4,45,0,1,1,0,0,1,3,4,1,1
0,0,50,8,134,15,4,62,0,1,0,1,2,1,1,2,1,1
0,0,50,8,146,15,4,72,0,0,0,2,0,1,3,1,1,1
0,0,59,8,170,19,4,83,0,0,1,2,2,3,0,6,1,1
0,0,78,8,188,22,4,97,1,0,1,2,4,1,0,7,1,1
0,0,88,8,225,25,4,123,0,2,1,0,0,5,0,4,1,1
0,0,88,8,269,25,4,151,0,2,0,1,3,2,1,4,1,1
0,0,100,8,314,30,4,169,0,2,1,0,6,0,0,8,1,1
0,0,100,8,363,30,4,198,0,3,0,0,1,5,0,6,1,1
0,0,100,8,380,30,4,212,0,0,0,3,5,1,0,3,1,1
0,0,100,8,428,30,4,242,0,2,0,1,5,1,0,4,1,1
0,0,120,8,428,46,4,242,0,0,2,1,0,3,3,5,1,1
0,0,135,8,441,53,4,251,1,1,1,1,2,1,3,4,1,1
0,0,156,8,441,66,4,251,0,0,3,0,3,1,2,5,1,1
0,0,178,8,482,74,4,273,1,3,1,0,3,5,0,12,1,1
0,0,178,8,516,74,4,296,0,1,0,3,3,3,2,3,1,1
0,0,178,8,551,74,4,324,0,1,1,2,6,2,0,5,1,1
0,0,178,8,590,74,4,352,0,4,0,0,5,2,1,4,1,1
0,0,178,8,607,74,4,368,0,0,1,3,2,4,2,4,1,1
0,0,178,8,641,74,4,396,0,2,1,1,4,1,3,5,1,1
0,0,178,8,664,74,4,417,0,0,1,3,4,0,4,4,1,1
0,0,178,8,714,74,4,439,0,4,0,0,7,1,0,8,1,1
0,0,178,8,745,74,4,461,0,4,0,0,1,3,4,4,1,1
0,0,193,8,788,79,4,491,0,2,2,0,4,2,2,9,1,1
0,0,193,8,840,79,4,526,0,1,2,2,5,4,1,7,1,1
0,0,234,8,857,98,4,540,0,1,4,0,3,4,3,18,1,1
0,0,250,8,892,109,4,572,1,0,5,0,9,0,1,12,1,1
0,0,268,8,917,120,4,589,0,2,3,0,6,3,1,10,1,1
0,0,273,8,949,121,4,618,1,0,3,2,6,2,2,14,1,1
0,0,273,8,1003,121,4,648,0,5,0,0,2,5,3,7,1,1
0,0,273,8,1038,121,4,676,1,0,1,4,7,3,0,10,0,1
0,0,273,8,1084,121,4,702,1,2,0,3,8,1,1,9,1,1
0,0,312,8,1084,144,4,702,0,0,5,0,0,10,0,16,1,1
0,0,312,8,1128,144,4,743,1,0,3,2,3,5,2,9,1,1
0,0,312,8,1174,144,4,788,0,0,3,2,4,2,4,9,1,1
0,0,312,8,1226,144,4,835,0,1,3,1,0,3,7,8,1,1
0,0,8,4,0,3,0,0,1,0,1,0,1,1,1,3,1,1
0,0,8,19,0,3,10,0,1,0,0,1,0,0,3,2,1,1
0,0,28,25,0,9,14,0,1,1,0,1,1,3,0,4,1,1
0,0,49,28,0,17,15,0,2,1,1,0,0,1,3,3,1,1
0,0,49,42,0,17,23,0,0,2,0,0,3,1,0,1,1,1
0,0,60,83,0,22,27,0,1,1,0,1,2,1,1,4,1,1
0,0,80,98,0,28,27,0,2,0,1,1,2,2,0,4,1,1
0,0,100,102,0,41,27,0,2,0,3,0,2,3,0,7,1,1
0,0,130,107,0,52,29,0,0,1,2,0,1,2,2,4,1,1
0,0,152,107,0,63,29,0,2,0,3,0,4,1,0,6,1,1
0,0,173,107,14,76,29,9,1,2,0,1,0,4,1,6,0,1
0,0,197,107,14,84,29,9,0,0,2,1,2,2,1,4,1,1
0,0,210,129,14,92,33,9,0,1,1,1,1,3,2,4,1,1
0,0,235,142,14,101,37,9,1,2,1,0,1,4,1,4,1,1
0,0,268,142,14,114,37,9,1,0,1,2,2,1,3,6,1,1
0,0,318,145,14,128,38,9,0,1,1,1,3,0,3,6,1,1
0,0,341,150,14,142,40,9,0,1,2,0,0,2,4,4,1,1
0,0,365,157,14,151,42,9,0,1,2,0,4,2,0,5,1,1
0,0,366,183,14,151,54,9,0,3,0,0,0,2,4,3,1,1
0,0,392,190,14,161,58,9,1,1,1,1,3,0,3,4,1,1
0,0,415,192,14,176,59,9,0,1,3,0,0,3,5,7,1,1
0,0,507,199,14,205,62,9,6,1,1,2,4,4,0,16,1,1
0,0,569,199,14,228,62,9,2,0,2,2,0,5,3,8,1,1
0,0,601,209,14,241,66,9,1,1,2,1,1,5,2,10,1,1
0,0,632,209,14,257,66,9,3,0,2,2,6,2,0,7,1,1
0,0,666,209,14,269,66,9,1,0,3,1,0,3,5,6,1,1
0,0,690,219,14,280,73,9,1,2,2,0,4,2,2,4,1,1
0,0,725,219,14,300,73,9,2,0,3,1,2,6,0,9,1,1
0,0,780,232,14,314,77,9,0,2,1,1,6,1,1,12,1,1
0,0,807,232,14,329,77,9,1,0,4,0,5,2,1,6,1,1
0,0,853,232,14,344,77,9,1,0,4,0,3,1,4,5,0,1
0,0,901,232,14,357,77,9,1,0,2,2,2,2,4,12,1,1
0,0,923,251,14,361,85,9,0,2,2,0,3,1,4,5,1,1
0,0,979,258,14,373,88,9,2,1,1,2,0,7,1,14,0,1
0,0,1060,263,14,396,90,9,6,1,2,1,2,0,6,11,1,1
0,0,1063,263,43,398,90,33,0,0,1,3,5,1,2,6,1,1
0,0,1098,263,61,407,90,47,1,2,0,2,1,3,4,7,0,1
0,0,1099,263,90,407,90,64,1,0,0,4,5,1,2,8,0,1
0,0,1099,272,131,407,92,93,0,1,1,2,4,2,2,7,0,1
0,0,1099,272,179,407,92,136,0,0,4,0,3,3,2,7,1,1
0,0,1099,287,225,407,95,170,0,1,2,1,2,4,2,9,1,1
0,0,1099,305,242,407,106,185,0,3,1,0,3,5,0,5,1,1
0,0,1099,310,278,407,108,205,2,1,0,3,3,1,4,7,1,1
0,0,1099,325,314,407,114,226,0,2,1,1,4,4,0,8,0,1
0,0,1099,344,367,407,120,265,0,2,3,0,3,6,1,12,0,1
0,0,1099,382,390,407,130,278,0,3,0,2,9,1,0,7,0,1
0,0,1099,406,413,407,141,296,0,3,2,0,3,2,5,9,1,1
0,0,1099,406,472,407,141,353,1,0,4,1,6,2,2,10,0,1
0,0,1099,434,494,407,157,367,0,4,1,0,0,4,6,9,0,1
0,0,1099,447,516,407,162,387,1,2,0,3,2,1,7,6,1,1
0,0,1099,447,563,407,162,428,1,0,4,1,3,6,1,9,0,1
0,0,1099,451,592,407,164,450,0,1,0,4,1,8,1,8,0,1
0,0,1099,451,647,407,164,500,0,0,5,0,4,5,1,9,1,1
0,0,1143,451,654,432,164,506,0,1,4,0,3,7,0,14,0,1
0,0,1217,451,654,453,164,506,1,2,3,0,0,3,7,11,1,1
0,0,1217,451,707,453,164,553,1,0,3,2,4,3,3,10,0,1
0,0,12,0,0,6,0,0,2,0,1,0,0,1,2,1,1,1
0,0,23,0,0,12,0,0,0,0,1,0,0,1,2,1,1,1
0,0,36,20,0,17,4,0,1,1,1,0,1,2,1,2,1,1
0,0,55,56,0,24,9,0,1,0,1,1,1,1,2,4,1,1
0,0,66,66,0,30,13,0,0,2,0,0,2,2,0,2,1,1
0,0,86,76,0,36,15,0,1,0,0,2,1,2,1,4,1,1
0,0,107,76,0,45,15,0,0,0,2,0,0,0,4,2,1,1
0,0,120,111,0,49,23,0,1,2,1,0,0,1,4,3,1,1
0,0,130,126,0,57,29,0,0,2,1,0,2,1,2,3,1,1
0,0,179,143,0,68,38,0,3,2,0,1,0,2,3,3,1,1
0,0,179,178,5,68,49,3,0,3,0,0,3,2,0,4,1,1
0,0,179,187,35,68,49,31,1,0,2,1,0,4,1,4,1,1
0,0,179,205,70,68,57,46,0,2,1,0,0,2,4,4,1,1
0,0,179,215,122,68,57,84,1,0,3,0,6,0,0,7,1,1
0,0,179,232,148,68,59,107,1,1,1,1,2,1,3,4,1,1
0,0,179,232,184,68,59,133,0,0,1,2,2,3,1,3,1,1
0,0,179,232,240,68,59,172,1,0,3,0,1,1,4,6,1,1
0,0,179,243,275,68,62,199,0,1,2,0,5,0,1,4,1,1
0,0,179,271,278,68,74,199,0,3,0,0,3,0,3,3,1,1
0,0,179,277,305,68,79,213,1,1,0,2,4,1,1,3,1,1
0,0,179,295,339,68,86,235,1,2,1,1,6,1,1,7,1,1
0,0,179,303,382,68,90,263,1,1,1,2,0,2,6,7,1,1
0,0,179,319,420,68,94,284,0,1,1,2,3,0,5,6,1,1
0,0,179,321,457,68,95,309,1,0,1,3,2,3,3,6,1,1
0,0,179,346,505,68,102,347,1,2,2,0,2,2,4,4,1,1
0,0,179,369,536,68,106,372,1,1,1,2,0,1,7,5,1,1
0,0,179,386,567,68,110,395,1,1,1,2,4,1,3,4,1,1
0,0,179,387,609,68,110,426,0,0,2,2,2,3,3,6,1,1
0,0,179,419,649,68,117,452,1,2,1,1,0,5,3,7,1,1
0,0,179,419,707,68,117,498,1,0,3,1,0,1,7,7,1,1
0,0,179,419,762,68,117,537,1,0,2,2,2,2,4,8,1,1
0,0,179,430,791,68,124,548,0,2,0,2,6,1,1,6,1,1
0,0,179,479,871,68,124,577,0,0,2,2,1,7,0,5,1,1
0,0,179,479,920,68,124,616,0,0,3,1,1,2,5,10,1,1
0,0,179,479,967,68,124,653,0,1,3,0,5,0,3,5,1,1
0,0,179,499,1008,68,131,679,0,2,2,0,5,1,2,7,1,1
0,0,181,499,1060,68,131,700,1,0,0,4,3,3,2,7,1,1
0,0,204,499,1091,76,131,722,1,0,2,2,2,1,5,9,1,1
0,0,225,499,1131,88,131,751,0,3,2,0,4,2,4,9,1,1
0,0,225,499,1195,88,131,796,1,1,3,1,3,5,2,9,1,1
0,0,292,499,1225,114,131,804,1,4,1,0,2,8,0,13,1,1
0,0,331,499,1259,134,131,819,0,4,1,0,3,2,5,9,1,1
0,0,357,499,1313,147,131,855,2,1,2,2,4,5,1,13,1,1
0,0,363,499,1358,150,131,896,0,1,4,0,2,5,3,9,1,1
0,0,395,499,1381,165,131,915,1,2,1,2,6,3,1,9,1,1
0,0,400,499,1430,168,131,955,0,1,3,1,2,1,7,12,1,1
0,0,400,499,1494,168,131,995,0,4,1,0,3,6,1,9,1,1
0,0,400,499,1558,168,131,1044,0,3,2,0,2,8,0,9,1,1
0,0,400,499,1595,168,131,1064,0,1,0,4,0,4,6,6,1,1
0,0,400,499,1656,168,131,1117,0,0,5,0,8,2,0,10,1,1
0,0,402,499,1693,170,131,1145,0,1,1,3,1,6,3,5,1,1
0,0,402,515,1762,170,131,1203,1,0,4,1,2,8,0,13,1,1
0,0,402,555,1818,170,137,1246,1,2,3,0,5,2,3,12,1,1
0,0,402,555,1870,170,137,1289,0,2,3,0,2,2,6,10,1,1
0,0,4,10,0,0,4,0,0,1,0,0,1,0,2,0,1,1
0,0,4,22,15,0,4,13,0,0,1,0,0,1,2,1,1,1
0,0,4,22,38,0,4,29,1,0,1,1,2,2,0,2,1,1
0,0,4,30,64,0,7,44,0,1,1,0,2,1,1,3,1,1
0,0,4,45,83,0,11,57,1,1,1,0,0,4,0,1,1,1
0,0,4,45,101,0,11,71,0,0,1,1,2,1,1,2,1,1
0,0,4,45,134,0,11,97,1,0,2,0,2,0,2,3,1,1
0,0,4,49,169,0,13,118,0,0,1,2,0,5,0,5,1,1
0,0,24,49,169,14,13,118,1,0,3,0,4,1,0,3,1,1
0,0,40,66,169,23,17,118,0,1,2,0,1,0,4,4,1,1
0,0,59,113,169,28,31,118,3,0,1,2,0,4,2,6,1,1
0,0,78,162,169,35,51,118,1,2,1,0,2,1,3,2,1,1
0,0,107,170,169,45,53,118,1,0,1,2,1,5,0,7,1,1
0,0,127,183,169,52,59,118,0,1,1,1,1,1,4,1,1,1
0,0,157,183,169,69,59,118,1,0,3,0,3,2,1,4,1,1
0,0,184,183,169,76,59,118,1,0,2,1,2,3,1,4,1,1
0,0,197,191,169,85,63,118,0,1,2,0,2,3,1,2,1,1
0,0,228,191,169,95,63,118,0,0,1,2,0,2,4,6,1,1
0,0,254,200,169,102,67,118,1,1,2,0,4,0,2,3,1,1
0,0,304,200,169,119,67,118,2,0,0,4,0,1,7,11,1,1
0,0,323,208,169,131,71,118,1,1,3,0,0,8,0,4,1,1
0,0,324,245,169,131,87,118,0,4,0,0,6,2,0,3,1,1
0,0,351,264,169,142,99,118,1,3,1,0,7,0,1,4,1,1
0,0,377,264,169,161,99,118,0,0,4,0,5,0,3,6,1,1
0,0,391,288,169,171,107,118,0,2,2,0,0,7,1,5,1,1
0,0,422,312,169,179,119,118,3,2,0,2,1,3,4,7,1,1
0,0,463,326,169,202,128,118,1,1,3,0,0,3,5,5,1,1
0,0,463,326,188,202,128,132,1,0,0,4,0,4,4,4,1,1
0,0,463,342,220,202,136,159,0,2,2,0,0,1,7,6,1,1
0,0,484,369,220,212,150,159,0,1,2,1,1,6,1,7,1,1
0,0,494,391,220,219,162,159,0,3,1,0,2,1,5,4,1,1
0,0,508,457,220,222,186,159,1,1,1,2,5,3,0,10,1,1
0,0,508,457,250,222,186,184,1,0,1,3,6,1,1,7,1,1
0,0,508,478,265,222,198,197,0,3,1,0,2,1,5,2,1,1
0,0,508,507,265,222,214,197,0,4,0,0,6,1,1,3,1,1
0,0,508,507,317,222,214,243,0,0,4,0,2,6,0,9,1,1
0,0,508,507,374,222,214,289,0,0,3,2,8,0,2,8,1,1
0,0,508,530,392,222,226,302,0,3,0,2,3,2,5,5,1,1
0,0,508,557,395,222,245,304,2,5,0,0,7,3,0,4,1,1
0,0,536,563,395,240,249,304,0,1,4,0,0,3,7,8,1,1
0,0,550,594,395,247,266,304,1,3,1,1,0,7,3,7,1,1
0,0,577,595,395,265,266,304,0,0,5,0,7,3,0,7,1,1
0,0,623,630,395,280,277,304,1,0,1,4,0,1,9,14,1,1
0,0,644,643,395,294,282,304,1,1,3,1,0,3,7,5,1,1
0,0,677,654,395,311,293,304,2,0,4,1,1,1,8,8,1,1
0,0,713,732,395,321,324,304,3,3,2,0,2,2,6,3,1,1
0,0,713,745,415,321,332,322,0,2,1,2,0,8,2,7,1,1
0,0,713,758,446,321,340,349,1,2,2,1,0,3,7,7,1,1
0,0,713,762,469,321,343,370,0,1,1,3,3,4,3,4,1,1
0,0,713,772,506,321,347,403,0,1,4,0,0,9,1,8,1,1
0,0,713,780,539,321,353,426,0,1,1,3,3,1,6,8,1,1
0,0,20,0,0,6,0,0,6,0,0,1,0,2,1,4,1,1
0,0,20,0,11,6,0,7,1,0,0,1,0,0,3,1,1,1
0,0,24,0,29,9,0,21,2,0,1,1,1,2,1,7,1,1
0,0,53,0,54,14,0,38,1,1,1,0,1,0,3,7,1,1
0,0,53,15,54,14,8,38,0,2,0,0,2,2,0,0,0,1
0,0,53,25,85,14,8,64,1,0,2,0,0,1,3,5,1,1
0,0,53,56,104,14,14,80,1,0,1,1,4,0,0,7,1,1
0,0,53,79,127,14,22,93,0,2,1,0,2,1,2,3,1,1
0,0,53,79,168,14,22,132,1,0,3,0,3,1,1,6,1,1
0,0,53,94,187,14,27,149,0,1,1,1,3,1,1,4,1,1
0,0,53,101,224,14,27,184,1,0,3,0,3,3,0,7,1,1
0,0,53,129,224,14,39,184,0,3,0,0,1,0,5,3,1,1
0,0,53,154,242,14,52,199,1,1,1,1,5,0,1,4,1,1
0,0,53,187,258,14,67,212,1,1,1,1,0,1,5,5,1,1
0,0,53,192,286,14,69,232,0,1,1,1,0,3,3,6,1,1
0,0,53,207,305,14,78,237,0,3,0,0,4,1,1,3,1,1
0,0,53,216,346,14,80,260,1,1,1,1,2,3,1,7,1,1
0,0,53,229,354,14,80,267,0,0,0,3,0,2,4,3,1,1
0,0,53,231,398,14,80,300,1,1,1,1,2,2,2,4,1,1
0,0,53,273,414,14,93,314,1,1,1,1,0,4,2,5,1,1
0,0,53,285,441,14,101,329,0,2,1,0,5,1,0,5,1,1
0,0,53,287,492,14,101,375,1,0,4,0,1,0,7,12,1,1
0,0,53,287,525,14,101,406,1,0,3,1,6,1,1,7,1,1
0,0,53,372,562,14,127,439,2,1,1,2,4,1,3,10,1,1
0,0,53,372,593,14,127,467,0,1,2,1,5,2,1,4,1,1
0,0,53,393,623,14,133,486,0,3,0,1,7,1,0,6,1,1
0,0,53,398,673,14,133,531,1,0,3,1,6,2,0,8,1,1
0,0,53,428,745,14,143,577,3,0,3,1,4,1,3,12,1,1
0,0,53,428,798,14,143,627,1,0,4,0,2,0,6,9,1,1
0,0,53,431,851,14,143,671,1,0,4,0,4,4,0,9,1,1
0,0,53,431,904,14,143,722,0,0,4,0,5,1,2,7,1,1
0,0,53,501,919,14,167,735,2,1,1,2,0,7,1,9,1,1
0,0,53,501,951,14,167,762,1,0,1,3,8,0,0,6,1,1
0,0,53,506,978,14,170,782,0,2,0,2,3,3,2,4,1,1
0,0,53,525,1012,14,180,812,1,0,2,2,4,1,3,7,1,1
0,0,53,599,1032,14,214,826,3,3,0,1,2,2,4,3,1,1
0,0,53,599,1073,14,214,864,2,0,3,1,1,7,0,6,1,1
0,0,53,612,1141,14,215,923,2,1,3,0,0,3,5,11,1,1
0,0,53,614,1199,14,215,975,1,0,4,0,0,4,4,9,1,1
0,0,53,641,1261,14,223,1029,2,1,3,0,4,2,2,10,1,1
0,0,53,646,1282,14,227,1049,0,1,1,2,5,1,2,6,1,1
0,0,53,698,1282,14,255,1049,1,2,0,2,4,2,2,6,1,1
0,0,53,729,1316,14,264,1075,1,1,2,1,2,1,5,8,1,1
0,0,53,787,1351,14,282,1104,8,0,0,4,3,3,2,5,1,1
0,0,53,797,1382,14,286,1129,0,1,2,1,5,1,2,6,1,1
0,0,53,805,1423,14,288,1168,0,1,3,0,2,3,3,8,1,1
0,0,53,822,1452,14,296,1195,0,2,2,0,4,2,2,6,1,1
0,0,53,851,1491,14,310,1229,6,1,2,1,5,3,0,7,1,1
0,0,53,851,1528,14,310,1258,1,0,1,3,1,5,2,7,1,1
0,0,53,869,1534,14,321,1264,1,4,0,0,1,2,5,3,1,1
0,0,53,897,1581,14,331,1307,2,0,3,1,2,4,2,8,1,1
0,0,53,903,1625,14,335,1344,1,1,3,0,1,5,2,8,1,1
0,0,53,981,1645,14,365,1359,4,0,0,4,2,2,4,11,1,1
0,0,53,981,1672,14,365,1375,0,0,0,4,2,3,3,4,1,1
0,0,53,985,1695,14,367,1393,0,1,0,3,0,7,1,5,1,1
0,0,53,995,1736,14,370,1429,1,1,3,0,3,5,0,7,1,1
0,0,53,1000,1776,14,373,1463,0,1,2,1,4,4,0,7,1,1
0,0,53,1028,1791,14,387,1470,0,4,0,1,0,9,1,5,1,1
0,0,53,1028,1814,14,387,1489,0,0,0,5,2,8,0,4,1,1
0,0,53,1037,1856,14,389,1520,1,1,2,2,2,2,6,11,1,1
0,0,53,1043,1889,14,391,1547,1,1,1,3,9,1,0,7,1,1
0,0,53,1088,1922,14,404,1573,1,0,1,4,7,3,0,9,1,1
0,0,53,1091,1963,14,405,1605,0,1,3,1,3,7,0,9,1,1
0,0,53,1091,2006,14,405,1636,2,0,1,4,2,2,6,8,1,1
0,0,53,1131,2029,14,417,1655,1,0,1,4,4,4,2,8,1,1
0,0,53,1134,2070,14,417,1687,1,1,2,2,7,3,0,8,1,1
0,0,53,1134,2122,14,417,1729,2,0,4,1,0,4,6,11,1,1
0,0,53,1134,2167,14,417,1772,0,0,4,1,6,1,3,9,1,1
0,0,53,1134,2215,14,417,1815,0,1,3,1,5,3,2,8,1,1
0,0,53,1198,2277,14,423,1869,2,0,4,1,3,4,3,24,1,1
0,0,53,1198,2327,14,423,1913,1,0,3,2,2,0,8,10,1,1
0,0,53,1229,2355,14,431,1930,0,1,0,4,2,6,2,9,1,1
0,0,53,1229,2405,14,431,1974,1,0,3,2,1,4,5,7,1,1
0,0,53,1229,2442,14,431,2005,0,0,1,4,3,1,6,9,1,1
0,0,53,1231,2511,14,431,2059,3,0,3,2,1,4,5,15,1,1
0,0,53,1231,2555,14,431,2095,1,0,2,3,3,2,5,8,1,1
0,0,53,1239,2633,14,435,2158,2,1,4,0,0,1,9,8,1,1
0,0,53,1252,2671,14,444,2179,0,3,1,1,2,1,7,10,1,1
0,0,53,1252,2709,14,444,2205,0,2,0,3,2,1,7,7,1,1
0,0,53,1252,2752,14,444,2246,1,0,3,2,3,7,0,8,1,1
0,0,53,1255,2804,14,444,2294,1,0,4,1,8,1,1,12,1,1
0,0,53,1255,2855,14,444,2339,0,0,4,1,8,1,1,9,1,1
0,0,53,1255,2916,14,444,2385,0,2,3,0,1,5,4,14,1,1
0,0,53,1285,2942,14,454,2406,2,4,1,0,4,6,0,9,1,1
0,0,53,1285,2981,14,454,2440,0,0,3,2,3,1,6,11,1,1
0,0,53,1301,3060,14,462,2499,1,1,4,0,4,3,3,10,1,1
0,0,53,1301,3119,14,462,2534,1,2,2,1,0,10,0,10,1,1
0,0,53,1301,3152,14,462,2559,0,3,0,2,2,4,4,7,1,1
0,0,53,1301,3203,14,462,2606,0,0,5,0,1,0,9,10,1,1
0,0,53,1314,3227,14,469,2623,0,2,0,3,2,2,6,8,1,1
0,0,53,1341,3259,14,484,2641,0,4,1,0,0,6,4,7,1,1
0,0,13,9,0,2,0,0,1,0,1,0,0,3,0,1,1,1
0,0,13,17,29,2,0,13,1,0,1,0,2,1,0,1,1,1
0,0,51,26,29,8,4,13,2,0,1,1,2,2,0,3,1,1
0,0,83,26,48,19,4,18,0,2,0,0,0,1,3,3,1,1
0,0,120,51,48,28,4,18,1,0,0,2,1,2,1,4,0,1
0,0,138,51,68,31,4,26,1,0,1,1,2,2,0,2,0,1
0,0,160,51,80,36,4,30,1,0,1,1,2,1,1,3,1,1
0,0,195,104,80,48,4,30,1,0,3,0,3,1,1,6,1,1
0,0,216,104,98,55,4,40,1,0,3,0,4,1,0,4,1,1
0,0,254,104,107,68,4,47,3,0,1,2,0,5,0,4,1,1
0,0,286,104,114,82,4,51,1,0,2,1,0,2,3,5,1,1
0,0,306,104,176,87,4,79,2,1,1,1,3,1,1,4,1,1
0,0,306,119,214,87,5,107,0,0,2,1,4,0,1,6,1,1
0,0,306,146,219,87,17,108,0,3,0,0,1,2,2,3,1,1
0,0,306,182,258,87,17,131,0,0,1,2,4,2,0,5,1,1
0,0,306,187,284,87,17,153,0,0,1,2,1,0,5,4,1,1
0,0,314,187,313,89,17,172,2,0,1,2,0,3,3,5,1,1
0,0,314,226,332,89,25,185,0,2,1,0,4,0,2,5,1,1
0,0,314,255,362,89,29,198,1,1,0,2,6,0,0,3,1,1
0,0,314,295,370,89,39,203,1,2,0,1,2,2,2,4,1,1
0,0,314,310,390,89,47,216,0,2,1,0,2,3,1,3,1,1
0,0,314,321,423,89,51,242,1,1,2,0,1,2,3,4,1,1
0,0,314,324,470,89,51,271,0,1,2,1,0,2,6,6,1,1
0,0,314,364,491,89,61,287,0,3,1,0,1,6,1,4,1,1
0,0,314,376,538,89,65,320,0,1,2,1,1,6,1,8,1,1
0,0,314,408,548,89,77,327,0,3,0,1,0,5,3,5,1,1
0,0,314,442,575,89,88,344,1,3,1,0,6,1,1,4,1,1
0,0,314,447,638,89,89,376,0,2,2,0,2,6,0,6,1,1
0,0,314,482,652,89,99,389,1,3,1,0,1,2,5,3,1,1
0,0,314,482,678,89,99,410,0,0,1,3,3,5,0,5,1,1
0,0,314,497,730,89,101,441,0,1,2,1,3,5,0,10,1,1
0,0,314,497,758,89,101,457,0,0,0,4,4,3,1,5,1,1
0,0,314,521,800,89,102,477,0,1,1,3,4,6,0,8,1,1
0,0,314,540,832,89,106,504,0,1,1,3,8,2,0,7,1,1
0,0,314,553,883,89,107,545,1,0,2,3,0,5,5,10,1,1
0,0,314,568,903,89,112,561,0,1,0,4,0,4,6,7,1,1
0,0,314,624,920,89,126,575,0,4,1,0,1,5,4,6,1,1
0,0,314,690,940,89,142,584,0,4,0,1,5,1,4,7,1,1
0,0,314,706,981,89,148,616,0,2,2,1,0,2,8,10,1,1
0,0,314,724,1035,89,152,656,0,2,3,0,4,3,3,11,1,1
0,0,314,725,1067,89,152,680,1,0,1,4,4,6,0,8,1,1
0,0,314,777,1074,89,172,680,0,5,0,0,0,4,6,3,1,1
0,0,314,789,1134,89,173,733,0,0,4,1,3,4,3,13,1,1
0,0,314,798,1178,89,174,770,1,0,2,3,5,5,0,9,1,1
0,0,33,0,0,5,0,0,1,0,0,1,0,0,3,1,1,1
0,0,33,51,4,5,10,0,0,0,0,1,0,0,3,1,1,1
0,0,33,90,52,5,10,25,0,0,2,0,3,0,1,3,1,1
0,0,33,218,74,5,20,38,2,0,1,1,2,2,0,5,1,1
0,0,76,303,74,14,30,38,2,0,1,1,2,0,2,5,1,1
0,0,111,327,74,19,33,38,1,1,0,1,0,3,1,3,1,1
0,0,111,401,88,19,37,51,0,1,1,0,1,1,2,2,1,1
0,0,111,423,166,19,40,81,0,1,2,0,1,4,0,3,1,1
0,0,111,463,200,19,40,110,0,0,3,0,1,1,3,7,1,1
0,0,111,528,215,19,64,110,1,1,0,2,1,4,0,3,1,1
0,0,111,570,253,19,66,133,1,1,1,1,1,2,3,3,1,1
0,0,111,579,282,19,66,157,1,0,1,2,3,0,3,3,1,1
0,0,111,606,326,19,66,193,0,0,3,0,1,1,4,5,1,1
0,0,111,614,373,19,68,221,1,1,2,0,6,0,0,4,1,1
0,0,111,670,395,19,81,236,1,1,1,1,5,1,0,4,1,1
0,0,111,693,419,19,84,253,0,1,1,1,2,1,3,3,1,1
0,0,111,754,447,19,87,274,1,1,1,1,0,2,4,5,1,1
0,0,111,775,475,19,91,300,0,1,2,0,0,2,4,3,1,1
0,0,111,836,542,19,91,345,0,0,4,0,3,2,3,13,1,1
0,0,111,853,590,19,91,385,1,0,3,1,1,3,4,7,1,1
0,0,111,919,617,19,95,408,1,1,1,2,3,5,0,4,1,1
0,0,111,937,641,19,100,422,0,2,0,2,3,4,1,5,1,1
0,0,111,967,677,19,104,455,0,1,3,0,3,2,3,5,1,1
0,0,111,995,721,19,104,487,0,0,4,0,3,4,1,8,1,1
0,0,111,995,802,19,104,523,1,0,2,2,0,0,8,8,1,1
0,0,111,995,845,19,104,551,2,0,1,3,0,3,5,5,1,1
0,0,111,1017,863,19,118,557,0,4,0,0,0,8,0,4,1,1
0,0,111,1026,913,19,118,602,0,0,3,1,5,2,1,6,1,1
0,0,111,1073,948,19,132,619,1,3,1,1,0,6,4,6,1,1
0,0,111,1132,981,19,143,647,1,3,2,0,2,1,7,9,1,1
0,0,111,1150,1032,19,148,685,1,1,2,2,4,6,0,11,1,1
0,0,111,1171,1063,19,160,705,0,3,1,1,7,0,3,7,1,1
0,0,111,1180,1098,19,164,730,0,1,1,3,5,3,2,6,1,1
0,0,111,1234,1144,19,183,769,3,1,3,1,7,2,1,11,1,1
0,0,111,1247,1187,19,187,806,0,1,4,0,1,5,4,10,1,1
0,0,111,1278,1226,19,191,835,1,0,1,4,5,3,2,7,1,1
0,0,111,1280,1267,19,191,866,0,0,1,4,0,1,9,6,1,1
0,0,111,1285,1306,19,191,894,0,0,2,3,2,5,3,6,1,1
0,0,111,1285,1366,19,191,944,0,0,4,1,5,3,2,8,1,1
0,0,111,1289,1419,19,191,977,0,0,2,3,3,2,5,7,1,1
0,0,111,1300,1458,19,198,1000,0,3,2,0,1,6,3,5,1,1
0,0,111,1316,1511,19,198,1048,0,0,4,1,7,0,3,8,1,1
0,0,111,1351,1536,19,213,1062,0,4,1,0,6,2,2,6,1,1
0,0,111,1363,1589,19,216,1108,1,1,3,1,5,5,0,10,1,1
0,0,111,1363,1631,19,216,1145,0,0,2,3,4,3,3,7,1,1
0,0,33,8,0,5,0,0,1,0,1,0,2,1,0,1,1,1
0,0,33,75,3,5,10,0,1,0,0,1,2,0,1,2,1,1
0,0,33,75,66,5,10,21,0,2,0,0,4,0,0,3,1,1
0,0,33,75,97,5,10,39,0,1,1,0,2,0,2,2,1,1
0,0,33,106,133,5,10,65,0,0,2,0,1,1,2,3,1,1
0,0,33,110,164,5,10,88,0,2,0,0,2,2,0,2,1,1
0,0,33,159,191,5,20,96,0,1,0,1,2,2,0,3,1,1
0,0,33,201,215,5,31,100,0,3,0,0,1,4,0,3,1,1
0,0,33,286,220,5,51,103,3,1,0,2,1,0,4,5,1,1
0,0,33,286,246,5,51,116,0,0,0,3,2,2,1,3,1,1
0,0,33,294,303,5,51,155,0,0,3,0,2,3,1,5,1,1
0,0,33,294,334,5,51,173,0,0,1,2,1,5,0,4,1,1
0,0,33,298,360,5,55,185,1,2,0,1,3,3,0,3,1,1
0,0,33,298,398,5,55,208,1,0,1,2,6,0,0,3,1,1
0,0,33,311,433,5,62,223,0,2,1,0,4,2,0,3,1,1
0,0,33,332,438,5,74,226,1,2,0,1,2,3,1,2,1,1
0,0,33,396,446,5,93,233,2,0,0,3,3,1,2,7,1,1
0,0,33,396,479,5,93,257,0,0,2,1,1,3,2,4,1,1
0,0,33,408,526,5,94,283,0,1,1,2,4,4,0,4,1,1
0,0,33,421,563,5,96,313,1,0,2,2,7,1,0,9,1,1
0,0,33,421,608,5,96,348,0,0,2,2,2,3,3,6,1,1
0,0,33,471,645,5,113,366,2,2,0,2,5,3,0,5,1,1
0,0,33,471,694,5,113,410,0,0,4,0,1,5,2,7,1,1
0,0,33,471,736,5,113,437,1,0,1,3,1,1,6,5,1,1
0,0,33,512,766,5,121,461,1,0,1,3,6,2,0,8,1,1
0,0,33,552,790,5,136,477,0,2,1,1,4,4,0,8,1,1
0,0,33,573,827,5,136,513,0,0,4,0,1,2,5,7,1,1
0,0,33,598,875,5,142,540,0,2,2,0,0,4,4,7,1,1
0,0,33,629,926,5,145,580,0,1,3,1,8,0,2,10,1,1
0,0,33,648,957,5,147,604,1,0,0,5,6,1,3,7,1,1
0,0,33,669,990,5,155,630,0,1,2,2,7,1,2,9,1,1
0,0,33,687,1037,5,161,664,0,2,2,1,3,2,5,7,1,1
0,0,33,687,1096,5,161,715,0,0,5,0,3,5,2,11,1,1
0,0,33,701,1133,5,166,742,0,3,1,1,6,2,2,6,1,1
0,0,33,716,1164,5,166,771,0,0,4,1,0,6,4,5,1,1
0,0,33,733,1180,5,179,782,1,4,0,1,1,2,7,3,1,1
0,0,33,739,1216,5,184,813,0,1,1,3,0,7,3,5,1,1
0,0,33,763,1267,5,189,850,1,1,2,2,3,6,1,9,1,1
0,0,33,772,1326,5,189,902,0,0,5,0,1,1,8,11,1,1
0,0,33,791,1374,5,197,938,0,2,3,0,5,2,3,8,1,1
0,0,7,6,0,3,2,0,0,1,0,0,3,0,0,1,1,1
0,0,7,16,21,3,2,13,0,0,1,0,0,1,2,3,1,1
0,0,37,16,25,12,2,17,1,1,0,1,1,1,2,4,0,1
0,0,37,40,53,12,2,43,1,0,2,0,2,2,0,5,1,1
0,0,37,44,88,12,2,69,0,0,2,0,0,1,3,4,1,1
0,0,37,59,105,12,2,83,0,0,2,0,1,3,0,3,1,1
0,0,37,65,137,12,2,109,0,0,2,0,1,3,0,4,0,1
0,0,37,93,157,12,11,126,2,1,1,1,4,1,0,4,0,1
0,0,37,99,178,12,17,140,1,0,0,3,0,2,3,3,0,1
0,0,56,99,202,29,17,156,2,2,1,0,1,1,3,4,1,1
0,0,61,99,221,31,17,170,0,0,1,2,1,1,3,3,1,1
0,0,68,99,246,37,17,194,1,0,3,0,2,3,0,5,1,1
0,0,82,99,272,42,17,215,0,0,3,0,2,2,2,4,1,1
0,0,100,99,287,53,17,224,0,0,2,1,0,1,5,4,1,1
0,0,117,99,289,59,17,226,0,0,3,0,3,1,2,3,1,1
0,0,135,99,315,67,17,242,1,3,0,0,3,2,1,6,0,1
0,0,158,99,344,71,17,257,0,3,0,0,3,1,2,5,1,1
0,0,173,99,364,76,17,269,1,0,0,3,1,0,5,5,1,1
0,0,191,99,379,84,17,280,1,1,1,1,2,4,0,4,1,1
0,0,204,99,417,92,17,303,1,1,2,0,2,1,3,5,1,1
0,0,222,99,451,98,17,323,1,2,0,2,5,3,0,8,1,1
0,0,228,99,477,98,17,346,0,0,1,3,4,1,3,5,1,1
0,0,240,99,496,108,17,363,0,0,4,0,4,0,4,5,1,1
0,0,253,99,528,118,17,381,0,2,2,0,3,3,2,7,1,1
0,0,253,99,551,118,17,401,0,0,0,4,5,1,2,3,1,1
0,0,272,99,576,128,17,417,1,1,0,3,2,1,5,5,1,1
0,0,280,99,598,131,17,434,1,1,0,3,0,3,5,4,1,1
0,0,305,99,644,137,17,467,1,2,2,0,3,4,1,8,1,1
0,0,332,99,671,153,17,486,0,3,1,0,0,6,2,8,1,1
0,0,336,99,711,156,17,516,1,0,1,3,1,6,1,5,1,1
0,0,336,99,745,156,17,541,1,0,1,3,1,1,6,4,1,1
0,0,361,99,790,164,17,570,1,1,3,0,2,6,0,9,1,1
0,0,374,99,827,170,17,601,0,0,4,0,3,4,1,9,1,1
0,0,391,99,844,182,17,616,0,0,4,0,0,4,4,6,1,1
0,0,402,99,876,187,17,640,1,0,2,3,4,4,2,7,1,1
0,0,415,99,922,192,17,677,1,1,2,2,2,2,6,8,1,1
0,0,415,134,1010,192,21,755,2,0,5,0,3,0,7,14,0,1
0,0,435,194,1010,201,37,755,2,2,2,1,0,2,8,10,1,1
0,0,469,274,1010,224,56,755,5,2,3,0,2,1,7,5,1,1
0,0,480,310,1010,231,71,755,0,4,1,0,3,6,1,5,1,1
0,0,516,395,1010,240,99,755,5,3,1,1,2,4,4,11,0,1
0,0,516,421,1063,240,99,806,0,0,5,0,3,7,0,14,0,1
0,0,516,426,1117,240,100,848,3,1,1,3,0,10,0,6,0,1
0,0,516,451,1148,240,108,870,1,3,1,1,3,3,4,8,0,1
0,0,516,462,1202,240,111,920,0,1,4,0,2,6,2,12,1,1
0,0,516,465,1254,240,113,963,0,1,3,1,0,9,1,10,1,1
0,0,516,494,1276,240,128,972,1,4,0,1,4,5,1,8,1,1
0,0,516,510,1318,240,135,1008,0,2,3,0,4,4,2,9,1,1
0,0,516,563,1390,240,139,1050,3,1,2,2,2,6,2,11,0,1
0,0,534,563,1430,249,139,1075,1,3,0,2,5,4,1,10,1,1
0,0,534,590,1472,249,149,1105,1,3,2,0,7,3,0,9,1,1
0,0,534,610,1504,249,158,1130,0,3,2,0,0,5,5,9,1,1
0,0,534,641,1532,249,169,1149,1,3,1,1,3,0,7,7,1,1
0,0,534,685,1588,249,184,1177,2,2,1,2,3,7,0,9,1,1
0,0,534,697,1638,249,184,1221,0,0,4,1,6,3,1,9,1,1
0,0,534,697,1699,249,184,1269,0,2,3,0,2,4,4,9,1,1
0,0,534,697,1747,249,184,1307,1,0,2,3,6,4,0,10,1,1
0,0,534,697,1790,249,184,1334,0,1,0,4,0,9,1,8,1,1
0,0,534,697,1845,249,184,1384,0,0,5,0,1,3,6,10,1,1
0,0,12,0,0,5,0,0,1,0,1,0,0,3,0,1,1,1
0,0,12,26,0,5,4,0,0,1,0,0,3,0,0,1,1,1
0,0,28,27,0,13,4,0,1,0,2,0,2,2,0,2,1,1
0,0,34,32,0,16,8,0,0,1,1,0,0,4,0,2,1,1
0,0,45,59,0,17,12,0,1,1,1,0,3,1,0,3,1,1
0,0,64,82,0,21,16,0,0,1,1,0,3,1,0,3,1,1
0,0,93,82,0,29,16,0,1,0,1,1,2,2,0,3,1,1
0,0,107,164,0,34,30,0,2,1,1,1,2,1,2,7,0,1
0,0,125,164,0,46,30,0,0,0,3,0,4,1,0,3,1,1
0,0,161,164,0,56,30,0,0,0,2,1,2,0,3,3,1,1
0,0,177,164,0,67,30,0,1,0,3,0,0,2,4,3,0,1
0,0,253,164,0,91,30,0,4,1,0,2,3,2,1,6,0,1
0,0,283,164,0,107,30,0,1,0,1,2,1,1,4,4,0,1
0,0,333,164,0,122,30,0,0,0,2,1,2,4,0,5,0,1
0,0,339,195,0,122,42,0,0,3,0,0,4,2,0,3,1,1
0,0,372,210,0,133,47,0,0,2,1,0,3,2,1,4,1,1
0,0,389,230,0,145,49,0,1,1,1,1,2,3,1,4,0,1
0,0,410,230,0,158,49,0,0,0,3,0,5,1,0,3,1,1
0,0,435,230,0,172,49,0,1,0,2,1,0,5,1,4,0,1
0,0,478,258,0,188,53,0,1,0,2,2,1,5,2,11,0,1
0,0,531,272,0,207,56,0,0,1,3,0,1,7,0,6,1,1
0,0,545,291,0,217,65,0,0,3,1,0,3,2,3,4,1,1
0,0,577,302,0,231,69,0,0,0,3,1,4,1,3,7,0,1
0,0,607,388,0,238,81,0,1,0,1,3,1,2,5,9,0,1
0,0,625,440,0,246,98,0,1,2,1,1,3,2,3,6,1,1
0,0,670,440,0,263,98,0,1,0,3,1,6,1,1,5,1,1
0,0,719,664,0,278,151,0,6,0,0,4,0,5,3,12,0,1
0,0,730,774,0,283,181,0,3,0,1,3,2,3,3,11,0,1
0,0,742,774,50,289,181,33,0,1,2,1,4,4,0,8,0,1
0,0,746,774,86,290,181,64,0,1,1,2,3,0,5,4,1,1
0,0,760,774,124,298,181,89,0,1,3,0,0,5,3,6,0,1
0,0,783,774,157,313,181,113,1,0,2,3,0,1,9,10,1,1
0,0,794,774,198,315,181,143,0,2,1,2,2,4,4,7,1,1
0,0,813,774,267,320,181,173,0,5,0,0,1,4,5,12,1,1
0,0,813,774,328,320,181,209,0,3,1,1,6,3,1,9,1,1
0,0,853,774,338,342,181,216,0,0,5,0,4,2,4,9,1,1
0,0,874,774,378,355,181,246,0,2,2,1,1,7,2,8,1,1
0,0,894,774,407,360,181,267,1,1,3,1,5,2,3,5,1,1
0,0,918,774,444,368,181,296,1,1,2,2,3,2,5,12,1,1
0,0,956,774,457,386,181,305,0,1,4,0,0,6,4,9,1,1
0,0,985,774,486,395,181,327,1,0,2,3,3,2,5,8,1,1
0,0,1017,774,588,406,181,393,1,2,3,0,2,5,3,15,1,1
0,0,1070,774,589,425,181,394,0,0,5,0,0,4,6,8,1,1
0,0,1092,774,629,438,181,419,1,3,1,1,5,2,3,9,1,1
0,0,1092,774,694,438,181,454,0,3,1,1,7,1,2,9,1,1
0,0,1092,774,745,438,181,487,0,2,0,3,5,1,4,8,1,1
0,0,1109,774,793,447,181,515,0,3,2,0,7,2,1,9,1,1
0,0,14,0,0,7,0,0,0,0,1,0,1,1,1,1,1,1
0,0,14,0,29,7,0,13,0,1,0,0,1,2,0,1,1,1
0,0,17,75,29,7,14,13,1,1,0,1,0,3,1,2,1,1
0,0,30,118,29,13,18,13,0,1,1,0,1,3,0,2,1,1
0,0,69,118,29,22,18,13,1,0,0,2,2,1,1,2,1,1
0,0,97,118,29,31,18,13,0,1,1,0,2,2,0,2,1,1
0,0,118,118,29,44,18,13,1,0,2,0,2,1,1,2,1,1
0,0,173,128,29,59,21,13,0,3,0,0,3,2,0,5,1,1
0,0,173,168,29,59,33,13,0,3,0,0,1,4,0,2,1,1
0,0,188,214,29,64,55,13,2,0,0,3,4,0,1,5,1,1
0,0,202,234,29,71,63,13,0,3,0,0,2,4,0,3,1,1
0,0,227,263,29,81,73,13,1,0,1,2,6,0,0,5,1,1
0,0,253,269,29,95,75,13,1,1,1,1,0,0,6,3,1,1
0,0,269,293,29,106,79,13,1,1,2,0,1,4,1,4,1,1
0,0,296,293,29,118,79,13,1,0,2,1,2,3,1,4,1,1
0,0,329,308,29,129,80,13,0,1,2,0,1,5,0,5,1,1
0,0,344,349,29,134,88,13,0,0,2,1,0,1,5,5,1,1
0,0,384,349,29,149,88,13,2,1,0,2,0,5,1,5,1,1
0,0,432,359,29,165,90,13,2,1,0,3,1,6,1,7,1,1
0,0,526,402,29,188,95,13,4,0,1,3,5,1,2,13,1,1
0,0,588,424,29,204,99,13,1,1,1,2,3,4,1,11,1,1
0,0,652,432,29,222,100,13,3,0,0,4,7,0,1,12,1,1
0,0,674,451,29,229,106,13,0,2,2,0,0,0,8,2,1,1
0,0,706,470,29,240,112,13,1,2,2,0,1,7,0,5,1,1
0,0,727,534,29,247,141,13,0,0,1,3,2,0,6,7,1,1
0,0,751,534,29,264,141,13,0,0,2,2,1,5,2,4,1,1
0,0,756,634,29,264,169,13,1,2,0,2,4,3,1,4,1,1
0,0,756,634,68,264,169,42,1,0,1,3,8,0,0,5,1,1
0,0,756,634,110,264,169,74,0,3,0,1,2,1,5,4,1,1
0,0,756,634,141,264,169,103,0,0,2,2,2,5,1,5,1,1
0,0,756,634,199,264,169,142,1,0,3,1,3,3,2,7,1,1
0,0,769,634,257,270,169,175,1,2,1,2,0,3,7,6,1,1
0,0,794,634,278,285,169,190,2,0,2,3,1,7,2,7,1,1
0,0,803,634,329,288,169,228,1,1,0,4,1,7,2,6,1,1
0,0,811,634,389,293,169,277,0,2,3,0,3,5,2,8,1,1
0,0,811,634,434,293,169,311,0,1,0,4,6,4,0,6,1,1
0,0,836,634,474,299,169,337,0,1,0,4,3,6,1,6,1,1
0,0,857,634,524,310,169,365,0,1,4,0,0,10,0,5,1,1
0,0,878,634,561,312,169,391,0,1,2,2,3,2,5,5,1,1
0,0,920,634,561,336,169,391,0,0,5,0,5,4,1,7,1,1
0,0,964,634,576,354,169,402,0,2,3,0,5,5,0,9,1,1
0,0,969,634,598,358,169,419,0,0,0,5,0,0,10,4,1,1
0,0,969,634,644,358,169,457,0,0,4,1,3,4,3,8,1,1
0,0,969,634,673,358,169,479,0,0,0,5,0,9,1,5,1,1
0,0,975,634,716,361,169,510,0,4,0,1,0,0,10,6,1,1
0,0,10,22,0,0,4,0,0,1,0,0,1,2,0,1,1,1
0,0,10,28,16,0,4,7,1,0,0,1,0,2,1,1,1,1
0,0,17,28,55,0,4,27,0,2,0,0,0,2,2,6,1,1
0,0,17,76,88,0,6,44,2,0,1,1,1,2,1,6,1,1
0,0,90,76,102,6,6,51,1,0,1,1,0,2,2,2,1,1
0,0,118,100,102,13,6,51,1,0,2,0,1,1,2,3,1,1
0,0,150,100,102,23,6,51,0,1,1,0,2,1,1,2,1,1
0,0,195,117,102,35,6,51,2,0,1,2,0,1,4,4,1,1
0,0,257,117,139,55,6,73,2,1,2,0,3,2,0,7,1,1
0,0,305,117,139,66,6,73,1,0,2,1,0,4,1,4,1,1
0,0,351,117,139,81,6,73,1,0,1,2,2,3,0,5,1,1
0,0,406,117,150,91,6,77,3,0,0,3,5,0,1,8,1,1
0,0,441,117,203,97,6,103,2,1,2,0,6,0,0,6,1,1
0,0,463,117,231,102,6,116,1,0,1,2,0,6,0,5,1,1
0,0,472,117,274,104,6,142,1,0,1,2,0,5,1,4,1,1
0,0,472,117,332,104,6,168,0,2,0,1,1,4,1,4,1,1
0,0,521,117,342,119,6,173,0,2,1,0,2,1,3,4,1,1
0,0,541,117,353,130,6,182,0,1,2,0,1,4,1,3,1,1
0,0,592,117,380,141,6,190,0,1,0,2,3,3,0,3,1,1
0,0,633,117,396,154,6,198,0,1,1,1,5,1,0,4,1,1
0,0,657,117,415,160,6,211,0,1,2,0,0,0,6,5,1,1
0,0,694,117,425,179,6,214,0,2,1,0,1,0,5,3,1,1
0,0,735,117,461,190,6,234,0,2,2,0,0,8,0,6,1,1
0,0,773,117,468,206,6,241,0,0,3,1,3,2,3,5,1,1
0,0,798,117,486,213,6,254,1,0,1,3,2,2,4,5,1,1
0,0,878,117,542,226,6,289,2,3,1,0,5,3,0,9,1,1
0,0,936,117,580,238,6,315,2,2,1,1,0,7,1,13,1,1
0,0,992,117,615,253,6,333,2,0,3,1,8,0,0,6,1,1
0,0,1016,117,643,265,6,353,0,1,3,0,0,5,3,7,1,1
0,0,1038,117,671,269,6,374,0,0,3,1,1,2,5,6,1,1
0,0,1058,117,696,277,6,393,1,2,1,1,1,7,0,3,1,1
0,0,1068,117,723,281,6,408,0,2,0,2,0,8,0,4,1,1
0,0,1099,117,758,285,6,436,0,0,2,2,0,6,2,8,1,1
0,0,1145,117,806,293,6,457,1,3,0,1,6,0,2,8,1,1
0,0,1163,117,844,300,6,485,1,0,4,0,1,7,0,8,1,1
0,0,1223,117,876,312,6,510,4,0,3,1,5,3,0,11,1,1
0,0,1244,117,895,321,6,525,0,0,2,2,2,6,0,5,1,1
0,0,1272,117,933,324,6,552,0,1,2,1,2,2,4,8,1,1
0,0,1306,117,967,332,6,571,1,1,1,2,0,3,5,4,1,1
0,0,1336,117,1002,339,6,591,1,0,2,2,1,6,1,6,1,1
0,0,1343,117,1054,341,6,619,2,1,0,3,4,3,1,6,1,1
0,0,1405,117,1114,352,6,655,2,1,3,0,1,6,1,8,1,1
0,0,1421,117,1159,352,6,686,0,4,0,0,3,2,3,6,1,1
0,0,1445,117,1184,359,6,704,0,0,2,2,1,6,1,6,1,1
0,0,1459,117,1231,360,6,730,1,0,1,3,4,2,2,5,1,1
0,0,1488,117,1284,362,6,755,0,3,0,1,8,0,0,5,1,1
0,0,1546,117,1347,365,6,795,1,0,4,1,5,2,3,11,1,1
0,0,1577,117,1415,369,6,848,1,1,4,0,5,5,0,14,1,1
0,0,1655,117,1472,370,6,881,0,3,1,1,7,1,2,14,1,1
0,0,1668,117,1540,372,6,930,0,2,3,0,6,4,0,13,1,1
0,0,1690,117,1635,373,6,979,1,1,2,2,5,5,0,23,1,1
0,0,1715,117,1670,383,6,1000,0,0,3,2,4,2,4,10,1,1
0,0,1756,117,1733,388,6,1029,1,1,1,3,1,6,3,12,1,1
0,0,20,22,0,4,2,0,3,0,0,1,0,0,3,3,1,1
0,0,57,39,0,11,2,0,1,0,1,0,0,3,0,2,1,1
0,0,57,39,18,11,2,13,1,0,1,0,1,1,1,1,1,1
0,0,80,39,43,15,2,26,1,1,0,1,0,3,1,3,1,1
0,0,80,39,56,15,2,36,1,0,0,2,1,2,1,2,1,1
0,0,92,39,71,20,2,48,1,0,2,0,0,1,3,4,1,1
0,0,126,39,79,23,2,55,2,0,0,2,0,4,0,4,1,1
0,0,165,39,85,31,2,61,0,1,1,0,1,3,0,4,1,1
0,0,262,65,85,49,3,61,3,1,1,1,1,3,1,11,1,1
0,0,262,65,131,49,3,96,1,1,2,0,3,0,2,5,1,1
0,0,274,120,131,51,11,96,0,2,1,0,2,1,2,4,1,1
0,0,326,120,131,65,11,96,0,1,1,1,4,1,0,6,1,1
0,0,326,120,185,65,11,128,1,0,2,1,2,4,0,6,1,1
0,0,326,120,227,65,11,165,0,0,3,0,4,0,2,4,1,1
0,0,330,120,258,67,11,184,1,1,0,2,3,2,1,4,0,1
0,0,370,127,258,80,14,184,0,1,2,0,1,5,0,4,1,1
0,0,412,174,258,90,22,184,2,0,0,3,4,1,1,9,1,1
0,0,412,185,297,90,23,212,0,1,1,1,4,0,2,5,1,1
0,0,412,207,328,90,30,230,0,1,1,1,1,2,3,6,1,1
0,0,450,238,328,99,36,230,2,2,1,0,2,3,1,5,1,1
0,0,509,238,346,113,36,236,0,2,0,1,1,3,2,6,1,1
0,0,512,273,346,113,48,236,1,3,0,0,1,3,2,3,1,1
0,0,522,352,346,114,65,236,1,2,0,1,0,2,4,5,1,1
0,0,543,387,346,120,77,236,0,4,0,0,0,4,4,5,1,1
0,0,587,413,346,132,80,236,0,2,2,0,3,3,2,4,1,1
0,0,613,442,346,142,87,236,2,1,2,1,2,1,5,8,1,1
0,0,695,447,346,168,87,236,4,0,2,2,2,2,4,8,1,1
0,0,697,447,382,170,87,266,0,0,2,2,3,4,1,6,1,1
0,0,708,447,418,174,87,285,0,1,1,2,1,6,1,7,1,1
0,0,762,447,459,188,87,314,4,1,2,1,0,4,4,10,1,1
0,0,772,522,459,191,105,314,1,2,1,1,3,3,2,6,1,1
0,0,833,523,459,204,105,314,3,0,1,3,2,4,2,7,1,1
0,0,882,523,478,216,105,331,0,1,1,2,2,6,0,8,1,1
0,0,929,523,500,223,105,343,0,2,0,2,3,3,2,9,1,1
0,0,1011,523,500,246,105,343,2,2,1,1,2,3,3,9,1,1
0,0,1032,523,517,254,105,356,1,1,0,3,2,6,0,5,1,1
0,0,1032,523,575,254,105,407,0,0,4,0,0,8,0,12,1,1
0,0,1032,536,617,254,107,433,0,1,1,2,1,2,5,7,1,1
0,0,1032,536,670,254,107,483,0,0,4,0,0,6,2,9,1,1
0,0,1032,556,712,254,112,513,0,0,2,2,5,1,2,10,1,1
0,0,1032,567,763,254,115,548,0,1,2,1,3,1,4,9,1,1
0,0,1032,629,767,254,134,551,2,3,0,1,2,1,5,8,1,1
0,0,1032,689,783,254,153,562,1,1,0,3,4,0,4,9,1,1
0,0,1032,707,808,254,158,579,1,0,0,4,2,4,2,4,1,1
0,0,1032,707,847,254,158,611,1,0,2,2,5,0,3,7,1,1
0,0,1061,707,859,270,158,622,1,1,1,2,2,5,1,6,1,1
0,0,1094,707,879,281,158,639,0,1,1,2,1,5,2,7,1,1
0,0,1153,707,895,297,158,651,3,0,2,2,3,2,3,5,1,1
0,0,1183,707,915,301,158,667,2,1,0,3,4,1,3,7,1,1
0,0,1225,707,915,322,158,667,0,1,2,1,2,2,4,6,1,1
0,0,1300,707,915,345,158,667,0,3,1,0,3,3,2,9,1,1
0,0,1338,707,915,365,158,667,0,1,3,0,1,5,2,4,1,1
0,0,1434,707,915,390,158,667,3,2,1,2,4,4,2,14,1,1
0,0,1473,707,942,403,158,683,3,1,1,3,4,6,0,9,1,1
0,0,1502,707,956,413,158,697,0,0,4,1,1,6,3,10,1,1
0,0,1598,707,956,445,158,697,1,4,1,0,4,4,2,14,1,1
0,0,1662,707,1003,462,158,729,2,1,2,2,9,1,0,16,1,1
0,0,1686,707,1031,467,158,748,0,2,0,3,2,0,8,8,1,1
0,0,1739,707,1080,487,158,786,4,0,3,2,6,2,2,12,1,1
0,0,1821,707,1092,513,158,794,1,3,2,0,0,7,3,14,1,1
0,0,1845,707,1126,517,158,814,1,1,0,4,2,2,6,5,1,1
0,0,1918,707,1140,540,158,824,2,3,1,1,3,7,0,13,1,1
0,0,1956,707,1140,560,158,824,1,1,4,0,2,7,1,8,1,1
0,0,2001,707,1170,574,158,850,1,2,1,2,3,4,3,14,1,1
0,0,2065,747,1170,590,171,850,4,0,1,4,4,1,5,19,1,1
0,0,2113,791,1170,611,177,850,3,0,4,1,10,0,0,7,1,1
0,0,2142,840,1170,618,193,850,2,3,1,1,6,4,0,9,1,1
0,0,2142,840,1233,618,193,901,1,0,4,1,1,2,7,13,1,1
0,0,2142,868,1294,618,200,939,1,1,3,1,0,5,5,10,1,1
0,0,2142,875,1321,618,202,960,2,0,0,5,0,3,7,9,1,1
0,0,2142,875,1411,618,202,1032,2,0,4,1,3,3,4,13,1,1
0,0,2142,875,1447,618,202,1057,0,0,1,4,0,6,4,8,1,1
0,0,2142,875,1494,618,202,1100,0,0,5,0,5,5,0,11,1,1
0,0,2142,875,1538,618,202,1137,1,0,2,3,3,1,6,8,1,1
0,0,2142,875,1593,618,202,1182,1,0,3,2,4,6,0,11,1,1
0,0,2142,923,1632,618,215,1204,1,3,1,1,0,5,5,11,1,1
0,0,2142,923,1696,618,215,1247,2,0,3,2,1,8,1,12,1,1
0,0,2142,923,1746,618,215,1280,2,0,1,4,9,1,0,6,1,1
0,0,2142,930,1791,618,217,1320,0,1,4,0,5,4,1,11,1,1
0,0,2142,930,1859,618,217,1364,1,0,3,2,6,3,1,12,1,1
0,0,2142,930,1882,618,217,1384,1,0,1,4,5,5,0,6,1,1
0,0,2142,939,1925,618,221,1418,0,1,2,2,1,0,9,11,1,1
0,0,2142,939,1986,618,221,1454,1,0,2,3,6,0,4,10,1,1
0,0,3,0,0,3,0,0,0,0,1,0,2,1,0,2,1,1
0,0,7,0,0,6,0,0,0,0,1,0,1,1,1,1,1,1
0,0,12,12,0,10,10,0,1,0,1,1,1,3,0,4,0,1
0,0,18,12,0,16,10,0,0,0,2,0,2,1,1,2,1,1
0,0,24,17,0,19,13,0,0,1,1,0,0,4,0,2,1,1
0,0,35,17,0,27,13,0,0,0,2,0,1,3,0,3,1,1
0,0,40,36,0,30,23,0,0,0,1,1,0,1,3,3,0,1
0,0,47,82,0,35,43,0,0,0,1,2,1,3,1,5,0,1
0,0,57,88,0,44,47,0,1,1,2,0,1,0,4,3,1,1
0,0,62,130,0,49,61,0,0,1,1,1,1,3,1,4,0,1
0,0,80,130,0,65,61,0,0,0,3,0,3,1,2,4,1,1
0,0,106,130,0,82,61,0,0,0,3,0,2,2,2,4,1,1
0,0,114,161,0,87,75,0,0,1,1,1,2,2,2,4,0,1
0,0,132,178,0,96,85,0,1,0,2,1,3,1,2,4,0,1
0,0,135,259,0,96,115,0,1,0,0,3,0,5,1,6,0,1
0,0,146,266,0,105,119,0,0,1,2,0,3,3,0,3,1,1
0,0,152,302,0,110,133,0,1,1,1,1,2,4,0,4,0,1
0,0,152,336,0,110,151,0,0,2,0,1,3,3,0,3,1,1
0,0,160,350,0,117,162,0,0,3,1,0,4,2,2,6,1,1
0,0,167,375,0,122,180,0,0,2,1,1,1,5,2,5,1,1
0,0,167,482,0,122,220,0,3,0,0,4,0,5,3,8,0,1
0,0,192,569,0,134,257,0,2,1,0,3,1,5,2,8,0,1
0,0,199,604,0,139,269,0,0,3,1,0,7,1,0,3,1,1
0,0,217,636,0,150,283,0,0,1,2,1,1,6,1,8,0,1
0,0,235,657,0,160,291,0,0,2,1,1,4,2,2,6,0,1
0,0,243,692,0,166,308,0,0,2,1,1,3,3,2,5,1,1
0,0,243,730,0,166,330,0,0,3,0,1,0,7,1,3,1,1
0,0,243,773,0,166,352,0,1,3,0,1,2,6,0,3,1,1
0,0,243,823,0,166,374,0,0,3,0,1,2,4,2,4,1,1
0,0,256,851,0,172,386,0,1,2,1,1,0,5,3,4,1,1
0,0,284,866,0,187,391,0,0,1,1,2,0,1,7,7,0,1
0,0,304,914,0,196,412,0,2,3,1,1,8,2,0,9,0,1
0,0,348,943,0,214,422,0,0,0,4,1,2,5,3,12,1,1
0,0,369,976,0,229,436,0,0,1,3,1,7,3,0,10,1,1
0,0,399,1038,0,243,463,0,3,3,1,1,1,7,2,8,1,1
0,0,432,1066,0,260,476,0,2,0,1,4,0,3,7,11,0,1
0,0,433,1159,0,260,520,0,3,2,0,3,0,7,3,7,0,1
0,0,454,1159,34,272,520,31,2,0,4,1,1,1,8,8,1,1
0,0,469,1159,58,279,520,49,0,1,2,2,5,3,2,8,1,1
0,0,504,1159,58,302,520,49,0,0,5,0,1,8,1,7,1,1
0,0,516,1159,82,312,520,69,0,0,2,3,2,8,0,7,1,1
0,0,530,1159,138,315,520,106,0,2,2,1,5,3,2,7,0,1
0,0,540,1159,161,320,520,124,0,0,2,3,7,2,1,8,1,1
0,0,540,1159,230,320,520,162,0,5,0,0,0,8,2,8,1,1
0,0,570,1159,259,330,520,185,0,1,2,2,8,2,0,10,1,1
0,0,602,1159,271,341,520,196,1,0,4,1,4,1,5,7,1,1
0,0,604,1159,326,341,520,232,0,4,1,0,2,8,0,8,1,1
0,0,620,1159,355,347,520,254,1,0,1,4,6,4,0,8,0,1
0,0,620,1159,386,347,520,273,0,1,0,4,6,0,4,6,0,1
0,0,8,8,0,0,4,0,0,1,0,0,1,2,0,1,1,1
0,0,16,8,4,6,4,4,0,0,1,0,0,3,0,1,1,1
0,0,45,8,13,17,4,10,0,1,1,0,4,0,0,2,0,1
0,0,45,39,23,17,13,14,0,1,0,1,0,3,1,1,1,1
0,0,73,39,38,33,13,14,0,0,2,0,2,1,1,2,1,1
0,0,73,45,55,33,15,25,1,0,0,2,3,1,0,2,1,1
0,0,73,53,78,33,15,43,0,0,1,1,0,1,3,1,0,1
0,0,75,53,128,33,15,68,0,3,0,0,5,0,0,4,0,1
0,0,75,66,147,33,16,84,0,0,1,2,1,3,1,3,0,1
0,0,75,75,186,33,16,122,0,0,3,0,2,1,2,5,0,1
0,0,111,75,189,40,16,124,0,0,3,0,0,6,0,4,1,1
0,0,111,114,219,40,21,142,0,1,1,1,5,1,0,5,1,1
0,0,111,114,251,40,21,173,2,0,3,0,5,0,1,4,1,1
0,0,133,114,269,45,21,182,0,0,2,1,0,0,6,3,1,1
0,0,133,134,290,45,22,195,0,0,0,3,2,3,1,3,1,1
0,0,133,153,330,45,23,225,0,0,2,1,1,0,5,4,0,1
0,0,133,174,350,45,29,233,1,2,0,1,4,2,0,3,1,1
0,0,133,191,369,45,37,247,0,2,1,0,1,0,5,3,1,1
0,0,198,204,369,62,37,247,0,0,3,1,0,3,5,9,1,1
0,0,258,213,369,71,40,247,1,1,3,0,7,1,0,6,1,1
0,0,258,230,412,71,43,281,1,0,3,1,0,2,6,7,1,1
0,0,308,230,453,79,43,302,1,2,2,0,1,4,3,11,0,1
0,0,308,230,510,79,43,341,0,0,3,1,0,6,2,6,0,1
0,0,312,230,579,81,43,372,0,4,0,0,1,2,5,7,0,1
0,0,322,264,579,85,55,372,1,3,1,0,1,7,0,2,1,1
0,0,322,264,638,85,55,404,1,1,1,2,0,8,0,4,1,1
0,0,366,264,656,98,55,410,1,0,3,1,0,7,1,5,1,1
0,0,366,277,700,98,55,449,1,0,4,0,3,3,2,7,1,1
0,0,425,304,700,115,56,449,2,0,1,3,6,1,1,11,0,1
0,0,466,304,700,131,56,449,0,0,4,0,0,7,1,5,1,1
0,0,486,304,719,136,56,464,2,0,0,4,2,2,4,5,1,1
0,0,492,304,750,136,56,481,0,4,0,0,1,4,3,4,1,1
0,0,515,304,791,140,56,504,0,2,1,1,0,5,3,7,1,1
0,0,515,316,838,140,60,542,1,1,3,0,2,2,4,6,0,1
0,0,578,316,862,157,60,557,2,1,2,1,8,0,0,13,1,1
0,0,586,316,886,159,60,578,1,0,1,3,3,5,0,5,1,1
0,0,600,316,907,163,60,590,1,0,1,3,4,2,2,5,1,1
0,0,604,316,931,167,60,609,0,0,1,3,5,0,3,3,1,1
0,0,639,316,945,183,60,616,2,0,3,1,6,1,1,5,1,1
0,0,639,400,975,183,68,640,1,2,2,0,1,5,2,8,1,1
0,0,720,400,975,199,68,640,1,0,3,1,1,7,0,7,1,1
0,0,720,412,1017,199,75,670,0,1,2,1,0,4,4,5,1,1
0,0,758,412,1023,213,75,670,0,0,4,0,0,5,3,6,1,1
0,0,777,510,1023,220,89,670,0,4,1,0,8,1,1,6,1,1
0,0,777,510,1073,220,89,712,0,0,3,2,3,7,0,7,1,1
0,0,780,510,1113,221,89,742,2,3,0,2,3,1,6,6,1,1
0,0,788,510,1142,224,89,765,0,0,2,3,0,3,7,9,1,1
0,0,817,538,1142,231,103,765,0,4,1,0,3,7,0,4,1,1
0,0,823,538,1171,233,103,792,1,1,0,4,0,9,1,5,1,1
0,0,831,538,1219,234,103,829,1,1,1,3,4,1,5,9,0,1
0,0,882,564,1219,247,107,829,0,1,3,1,2,2,6,11,1,1
0,0,919,564,1249,261,107,844,0,2,3,0,8,2,0,9,1,1
0,0,919,587,1281,261,113,861,1,1,0,4,0,7,3,6,1,1
0,0,953,587,1307,269,113,880,0,1,4,0,4,4,2,13,1,1
0,0,953,617,1354,269,114,918,1,1,3,1,3,1,6,16,0,1
0,0,7,0,0,5,0,0,0,0,1,0,1,1,1,0,1,1
0,0,13,4,0,8,2,0,0,1,0,0,1,2,0,0,1,1
0,0,38,4,0,19,2,0,2,0,2,0,1,2,1,3,1,1
0,0,58,10,0,27,6,0,2,1,1,0,0,4,0,2,1,1
0,0,72,10,16,33,6,15,0,1,1,0,1,2,1,2,1,1
0,0,81,10,30,42,6,28,1,0,2,0,1,3,0,2,1,1
0,0,94,10,46,49,6,41,0,2,0,0,1,0,3,1,1,1
0,0,94,10,74,49,6,65,0,1,1,0,0,0,4,2,1,1
0,0,122,10,90,63,6,72,0,2,1,0,3,1,1,5,1,1
0,0,122,10,111,63,6,92,1,0,1,2,0,1,4,4,1,1
0,0,132,10,145,71,6,113,0,2,1,0,1,3,1,4,1,1
0,0,139,10,186,73,6,137,0,2,0,1,4,1,1,5,1,1
0,0,162,10,205,83,6,149,0,2,1,0,1,1,4,5,1,1
0,0,208,10,227,101,6,163,3,1,2,0,2,1,3,4,1,1
0,0,231,10,230,110,6,165,0,0,3,0,0,4,2,5,1,1
0,0,286,10,230,120,6,165,0,0,3,0,0,4,2,6,1,1
0,0,300,10,255,122,6,180,1,0,0,3,5,1,0,7,1,1
0,0,330,10,271,129,6,189,0,1,2,0,0,2,4,5,1,1
0,0,356,10,274,140,6,192,1,0,2,1,0,6,0,4,1,1
0,0,400,10,294,153,6,199,0,2,1,0,3,2,1,7,1,1
0,0,435,10,312,163,6,210,2,1,1,1,3,3,0,7,1,1
0,0,469,10,331,176,6,217,2,1,1,2,1,7,0,8,1,1
0,0,535,10,337,196,6,221,0,2,2,0,0,0,8,8,1,1
0,0,581,10,354,212,6,230,1,2,2,0,4,2,2,9,1,1
0,0,619,10,359,221,6,235,0,0,3,1,7,0,1,8,1,1
0,0,657,10,389,227,6,255,0,2,0,2,2,1,5,11,1,1
0,0,683,10,411,232,6,267,3,0,1,3,6,2,0,9,1,1
0,0,717,10,430,243,6,281,1,0,2,2,0,1,7,7,1,1
0,0,717,10,453,243,6,299,0,0,0,4,0,3,5,4,1,1
0,0,732,10,478,251,6,318,0,0,2,2,1,3,4,9,1,1
0,0,757,10,497,264,6,331,0,2,2,0,2,2,4,5,1,1
0,0,784,10,500,281,6,332,1,0,4,0,0,1,7,5,1,1
0,0,794,10,520,287,6,349,0,0,1,4,9,1,0,6,1,1
0,0,816,10,548,297,6,368,0,3,1,1,1,7,2,7,1,1
0,0,833,10,578,304,6,392,1,2,0,3,5,2,3,8,1,1
0,0,859,10,629,308,6,422,0,4,0,1,0,7,3,10,1,1
0,0,914,10,671,327,6,447,0,3,1,1,1,1,8,15,1,1
0,0,992,10,671,342,6,447,0,1,3,1,1,6,3,11,1,1
0,0,1049,10,697,358,6,462,0,1,2,2,6,4,0,15,1,1
0,0,1099,10,697,383,6,462,1,1,4,0,2,1,7,9,1,1
0,0,1127,10,714,393,6,473,1,0,2,3,3,1,6,10,1,1
0,0,1163,10,732,407,6,483,1,0,3,2,1,3,6,10,1,1
0,0,1198,10,772,412,6,505,0,2,1,2,0,7,3,12,1,1
0,0,1223,10,803,420,6,526,0,5,0,0,9,0,1,10,1,1
